date,AAPL,GOOG,FB
2010-08-20,30.82,230.15,
2010-08-23,30.34,231.17,
2010-08-24,29.62,224.85,
2010-08-25,29.98,226.46,
2010-08-26,29.66,224.65,
2010-08-27,29.83,228.56,
2010-08-30,29.94,225.5,
2010-08-31,30.01,224.17,
2010-09-01,30.9,229.31,
2010-09-02,31.13,230.73,
2010-09-03,31.94,234.27,
2010-09-07,31.83,231.33,
2010-09-08,32.46,234.41,
2010-09-09,32.48,237.2,
2010-09-10,32.52,237.18,
2010-09-13,32.97,240.23,
2010-09-14,33.09,239.32,
2010-09-15,33.36,239.42,
2010-09-16,34.14,239.63,
2010-09-17,33.99,244.16,
2010-09-20,34.96,253.19,
2010-09-21,35.03,255.77,
2010-09-22,35.52,257.04,
2010-09-23,35.67,255.78,
2010-09-24,36.09,262.66,
2010-09-27,35.94,264.21,
2010-09-28,35.41,262.6,
2010-09-29,35.48,262.86,
2010-09-30,35.03,261.91,
2010-10-01,34.88,261.83,
2010-10-04,34.4,260.2,
2010-10-05,35.67,268.11,
2010-10-06,35.7,266.18,
2010-10-07,35.7,264.02,
2010-10-08,36.3,267.17,
2010-10-11,36.46,268.41,
2010-10-12,36.85,269.68,
2010-10-13,37.05,270.64,
2010-10-14,37.32,269.46,
2010-10-15,38.85,299.6,
2010-10-18,39.26,307.7,
2010-10-19,38.21,302.78,
2010-10-20,38.33,302.85,
2010-10-21,38.21,304.85,
2010-10-22,37.96,305.12,
2010-10-25,38.13,307.1,
2010-10-26,38.03,308.14,
2010-10-27,38.0,307.08,
2010-10-28,37.68,308.14,
2010-10-29,37.16,305.7,
2010-11-01,37.55,306.35,
2010-11-02,38.19,306.65,
2010-11-03,38.61,308.93,
2010-11-04,39.29,310.97,
2010-11-05,39.15,311.37,
2010-11-08,39.33,312.21,
2010-11-09,39.02,311.24,
2010-11-10,39.26,310.28,
2010-11-11,39.09,307.44,
2010-11-12,38.03,300.52,
2010-11-15,37.9,296.62,
2010-11-16,37.23,290.77,
2010-11-17,37.1,290.69,
2010-11-18,38.08,297.17,
2010-11-19,37.87,294.31,
2010-11-22,38.68,294.51,
2010-11-23,38.11,290.42,
2010-11-24,38.86,296.37,
2010-11-26,38.89,293.9,
2010-11-29,39.12,289.97,
2010-11-30,38.41,276.82,
2010-12-01,39.06,281.12,
2010-12-02,39.28,284.84,
2010-12-03,39.19,285.43,
2010-12-06,39.52,288.1,
2010-12-07,39.28,292.47,
2010-12-08,39.63,294.17,
2010-12-09,39.47,294.65,
2010-12-10,39.57,295.0,
2010-12-13,39.71,296.2,
2010-12-14,39.54,296.34,
2010-12-15,39.55,294.05,
2010-12-16,39.66,294.75,
2010-12-17,39.58,294.3,
2010-12-20,39.78,296.42,
2010-12-21,40.02,300.41,
2010-12-22,40.14,301.61,
2010-12-23,39.95,300.99,
2010-12-27,40.08,300.07,
2010-12-28,40.18,298.34,
2010-12-29,40.16,299.38,
2010-12-30,39.96,298.31,
2010-12-31,39.82,295.88,
2011-01-03,40.68,301.05,
2011-01-04,40.9,299.94,
2011-01-05,41.23,303.4,
2011-01-06,41.2,305.6,
2011-01-07,41.49,307.07,
2011-01-10,42.27,305.96,
2011-01-11,42.17,306.85,
2011-01-12,42.52,307.28,
2011-01-13,42.67,307.19,
2011-01-14,43.02,310.92,
2011-01-18,42.05,318.62,
2011-01-19,41.83,314.7,
2011-01-20,41.07,312.21,
2011-01-21,40.33,304.77,
2011-01-24,41.66,304.4,
2011-01-25,42.15,308.8,
2011-01-26,42.45,307.1,
2011-01-27,42.37,307.24,
2011-01-28,41.49,299.37,
2011-01-31,41.89,299.06,
2011-02-01,42.59,304.38,
2011-02-02,42.51,304.86,
2011-02-03,42.4,303.94,
2011-02-04,42.77,304.35,
2011-02-07,43.44,306.0,
2011-02-08,43.85,308.04,
2011-02-09,44.21,307.1,
2011-02-10,43.77,307.07,
2011-02-11,44.05,311.08,
2011-02-14,44.34,312.9,
2011-02-15,44.43,310.91,
2011-02-16,44.83,310.94,
2011-02-17,44.23,311.46,
2011-02-18,43.28,313.86,
2011-02-22,41.8,303.97,
2011-02-23,42.3,304.52,
2011-02-24,42.33,303.27,
2011-02-25,42.98,303.88,
2011-02-28,43.6,305.55,
2011-03-01,43.12,299.26,
2011-03-02,43.47,299.27,
2011-03-03,44.39,303.64,
2011-03-04,44.44,299.19,
2011-03-07,43.87,294.73,
2011-03-08,43.92,295.05,
2011-03-09,43.51,294.78,
2011-03-10,42.8,289.07,
2011-03-11,43.45,287.28,
2011-03-14,43.65,283.93,
2011-03-15,42.64,283.72,
2011-03-16,40.74,277.51,
2011-03-17,41.31,279.63,
2011-03-18,40.82,279.48,
2011-03-21,41.89,287.17,
2011-03-22,42.12,287.58,
2011-03-23,41.87,289.99,
2011-03-24,42.59,292.35,
2011-03-25,43.4,288.79,
2011-03-28,43.26,286.61,
2011-03-29,43.33,289.78,
2011-03-30,43.04,289.83,
2011-03-31,43.02,292.28,
2011-04-01,42.54,294.8,
2011-04-04,42.12,292.74,
2011-04-05,41.84,283.48,
2011-04-06,41.73,286.02,
2011-04-07,41.74,288.92,
2011-04-08,41.36,288.0,
2011-04-11,40.84,287.61,
2011-04-12,41.03,284.24,
2011-04-13,41.49,287.06,
2011-04-14,41.04,288.17,
2011-04-15,40.42,264.36,
2011-04-18,40.97,262.44,
2011-04-19,41.71,259.79,
2011-04-20,42.27,261.88,
2011-04-21,43.29,261.57,
2011-04-25,43.58,261.54,
2011-04-26,43.26,265.42,
2011-04-27,43.23,267.88,
2011-04-28,42.81,267.98,
2011-04-29,43.22,271.03,
2011-05-02,42.75,268.27,
2011-05-03,42.98,265.95,
2011-05-04,43.15,266.89,
2011-05-05,42.81,266.14,
2011-05-06,42.79,266.65,
2011-05-09,42.91,267.84,
2011-05-10,43.14,270.32,
2011-05-11,42.87,266.73,
2011-05-12,42.78,266.53,
2011-05-13,42.03,263.79,
2011-05-16,41.15,258.24,
2011-05-17,41.5,264.24,
2011-05-18,41.96,263.92,
2011-05-19,42.04,264.63,
2011-05-20,41.38,261.04,
2011-05-23,41.28,258.23,
2011-05-24,41.01,258.16,
2011-05-25,41.57,258.86,
2011-05-26,41.36,258.1,
2011-05-27,41.65,259.48,
2011-05-31,42.94,263.52,
2011-06-01,42.65,261.82,
2011-06-02,42.73,263.04,
2011-06-03,42.4,260.56,
2011-06-06,41.73,259.56,
2011-06-07,40.99,258.55,
2011-06-08,41.01,258.62,
2011-06-09,40.92,257.4,
2011-06-10,40.23,253.8,
2011-06-13,40.32,251.42,
2011-06-14,41.04,253.24,
2011-06-15,40.34,250.54,
2011-06-16,40.14,249.25,
2011-06-17,39.54,241.6,
2011-06-20,38.93,241.39,
2011-06-21,40.16,245.58,
2011-06-22,39.83,242.6,
2011-06-23,40.89,239.21,
2011-06-24,40.29,236.55,
2011-06-27,40.99,240.5,
2011-06-28,41.39,245.9,
2011-06-29,41.24,247.86,
2011-06-30,41.44,252.24,
2011-07-01,42.37,259.54,
2011-07-05,43.14,265.23,
2011-07-06,43.42,266.68,
2011-07-07,44.1,272.28,
2011-07-08,44.41,265.0,
2011-07-11,43.7,262.66,
2011-07-12,43.67,266.01,
2011-07-13,44.2,268.12,
2011-07-14,44.17,263.48,
2011-07-15,45.05,297.69,
2011-07-18,46.15,296.36,
2011-07-19,46.52,300.15,
2011-07-20,47.76,296.56,
2011-07-21,47.81,302.36,
2011-07-22,48.55,307.96,
2011-07-25,49.19,308.33,
2011-07-26,49.8,310.1,
2011-07-27,48.46,302.48,
2011-07-28,48.37,304.33,
2011-07-29,48.2,300.72,
2011-08-01,48.98,302.25,
2011-08-02,48.01,295.09,
2011-08-03,48.46,299.46,
2011-08-04,46.59,287.68,
2011-08-05,46.12,288.44,
2011-08-08,43.6,271.99,
2011-08-09,46.17,285.63,
2011-08-10,44.9,273.48,
2011-08-11,46.13,280.02,
2011-08-12,46.54,280.83,
2011-08-15,47.33,277.57,
2011-08-16,46.97,268.49,
2011-08-17,46.96,265.58,
2011-08-18,45.19,251.5,
2011-08-19,43.95,244.54,
2011-08-22,44.0,248.15,
2011-08-23,46.12,258.44,
2011-08-24,46.44,260.67,
2011-08-25,46.14,259.05,
2011-08-26,47.35,262.45,
2011-08-29,48.14,268.53,
2011-08-30,48.14,269.34,
2011-08-31,47.51,269.47,
2011-09-01,47.04,265.26,
2011-09-02,46.18,261.44,
2011-09-06,46.88,260.12,
2011-09-07,47.4,266.02,
2011-09-08,47.42,266.48,
2011-09-09,46.6,261.45,
2011-09-12,46.9,264.07,
2011-09-13,47.48,263.77,
2011-09-14,48.06,265.04,
2011-09-15,48.51,270.27,
2011-09-16,49.44,272.32,
2011-09-19,50.82,272.31,
2011-09-20,51.04,272.29,
2011-09-21,50.88,268.59,
2011-09-22,49.6,259.36,
2011-09-23,49.91,261.77,
2011-09-26,49.77,264.95,
2011-09-27,49.29,268.66,
2011-09-28,49.01,263.43,
2011-09-29,48.22,262.77,
2011-09-30,47.07,256.56,
2011-10-03,46.24,246.83,
2011-10-04,45.98,250.01,
2011-10-05,46.69,251.41,
2011-10-06,46.59,256.39,
2011-10-07,45.65,256.6,
2011-10-10,48.0,267.58,
2011-10-11,49.42,270.58,
2011-10-12,49.65,273.23,
2011-10-13,50.42,278.45,
2011-10-14,52.1,294.74,
2011-10-17,51.85,290.12,
2011-10-18,52.12,294.15,
2011-10-19,49.21,289.27,
2011-10-20,48.8,290.75,
2011-10-21,48.5,294.14,
2011-10-24,50.09,297.1,
2011-10-25,49.1,290.49,
2011-10-26,49.45,292.06,
2011-10-27,49.96,298.22,
2011-10-28,49.99,298.95,
2011-10-31,49.97,295.21,
2011-11-01,48.95,288.24,
2011-11-02,49.06,291.32,
2011-11-03,49.76,297.63,
2011-11-04,49.41,296.96,
2011-11-07,49.35,303.03,
2011-11-08,50.15,305.03,
2011-11-09,48.8,299.35,
2011-11-10,47.55,296.43,
2011-11-11,47.48,303.04,
2011-11-14,46.82,305.36,
2011-11-15,48.0,307.13,
2011-11-16,47.5,304.59,
2011-11-17,46.59,299.31,
2011-11-18,46.29,296.33,
2011-11-21,45.55,289.39,
2011-11-22,46.48,288.92,
2011-11-23,45.3,283.99,
2011-11-25,44.88,280.45,
2011-11-28,46.43,293.0,
2011-11-29,46.07,290.38,
2011-11-30,47.18,298.58,
2011-12-01,47.89,305.74,
2011-12-02,48.11,309.02,
2011-12-05,48.52,311.66,
2011-12-06,48.26,310.72,
2011-12-07,48.03,310.53,
2011-12-08,48.23,306.87,
2011-12-09,48.59,312.54,
2011-12-12,48.37,311.53,
2011-12-13,48.0,311.65,
2011-12-14,46.93,307.88,
2011-12-15,46.78,308.61,
2011-12-16,47.04,311.81,
2011-12-19,47.18,309.75,
2011-12-20,48.88,314.01,
2011-12-21,48.94,311.74,
2011-12-22,49.2,313.67,
2011-12-23,49.79,315.39,
2011-12-27,50.19,318.93,
2011-12-28,49.71,318.66,
2011-12-29,50.01,320.0,
2011-12-30,50.0,321.74,
2012-01-03,50.77,331.46,
2012-01-04,51.04,332.89,
2012-01-05,51.61,328.27,
2012-01-06,52.14,323.8,
2012-01-09,52.06,310.07,
2012-01-10,52.25,310.41,
2012-01-11,52.16,311.81,
2012-01-12,52.02,313.64,
2012-01-13,51.82,311.33,
2012-01-17,52.43,313.12,
2012-01-18,52.97,315.27,
2012-01-19,52.81,318.59,
2012-01-20,51.89,291.9,
2012-01-23,52.76,291.67,
2012-01-24,51.9,289.38,
2012-01-25,55.14,283.68,
2012-01-26,54.89,282.99,
2012-01-27,55.22,288.91,
2012-01-30,55.92,287.77,
2012-01-31,56.35,288.97,
2012-02-01,56.32,289.33,
2012-02-02,56.18,291.46,
2012-02-03,56.75,297.05,
2012-02-06,57.28,303.41,
2012-02-07,57.88,302.25,
2012-02-08,58.85,303.79,
2012-02-09,60.88,304.59,
2012-02-10,60.91,301.82,
2012-02-13,62.05,304.96,
2012-02-14,62.89,303.74,
2012-02-15,61.44,301.65,
2012-02-16,62.0,302.13,
2012-02-17,61.99,301.19,
2012-02-21,63.56,305.85,
2012-02-22,63.33,302.83,
2012-02-23,63.75,301.92,
2012-02-24,64.49,303.81,
2012-02-27,64.9,303.52,
2012-02-28,66.1,308.04,
2012-02-29,66.96,307.97,
2012-03-01,67.21,310.04,
2012-03-02,67.3,309.47,
2012-03-05,65.82,305.98,
2012-03-06,65.46,301.35,
2012-03-07,65.51,302.27,
2012-03-08,66.91,302.44,
2012-03-09,67.3,299.0,
2012-03-12,68.14,301.45,
2012-03-13,70.13,307.74,
2012-03-14,72.78,306.84,
2012-03-15,72.29,309.41,
2012-03-16,72.29,311.35,
2012-03-19,74.2,315.81,
2012-03-20,74.8,315.56,
2012-03-21,74.38,318.8,
2012-03-22,73.99,321.82,
2012-03-23,73.58,320.1,
2012-03-26,74.93,323.45,
2012-03-27,75.86,322.3,
2012-03-28,76.24,326.66,
2012-03-29,75.29,322.99,
2012-03-30,74.01,319.42,
2012-04-02,76.37,322.25,
2012-04-03,77.69,320.11,
2012-04-04,77.07,316.39,
2012-04-05,78.23,314.98,
2012-04-09,78.54,314.24,
2012-04-10,77.58,312.26,
2012-04-11,77.3,316.79,
2012-04-12,76.88,324.29,
2012-04-13,74.71,311.13,
2012-04-16,71.62,301.9,
2012-04-17,75.27,303.65,
2012-04-18,75.1,302.59,
2012-04-19,72.52,298.53,
2012-04-20,70.73,296.92,
2012-04-23,70.58,297.68,
2012-04-24,69.17,299.51,
2012-04-25,75.3,303.72,
2012-04-26,75.02,306.59,
2012-04-27,74.44,306.34,
2012-04-30,72.09,301.3,
2012-05-01,71.86,301.09,
2012-05-02,72.34,302.5,
2012-05-03,71.82,304.37,
2012-05-04,69.78,297.37,
2012-05-07,70.3,302.64,
2012-05-08,70.14,305.25,
2012-05-09,70.26,303.44,
2012-05-10,70.43,305.68,
2012-05-11,69.96,301.48,
2012-05-14,68.91,300.87,
2012-05-15,68.29,304.41,
2012-05-16,67.41,313.29,
2012-05-17,65.44,310.36,
2012-05-18,65.47,299.08,38.23
2012-05-21,69.29,305.91,34.03
2012-05-22,68.76,299.28,31.0
2012-05-23,70.43,303.59,32.0
2012-05-24,69.79,300.7,33.03
2012-05-25,69.41,294.66,31.91
2012-05-29,70.65,296.06,28.84
2012-05-30,71.5,293.02,28.19
2012-05-31,71.32,289.35,29.6
2012-06-01,69.25,284.42,27.72
2012-06-04,69.66,288.21,26.9
2012-06-05,69.48,284.14,25.87
2012-06-06,70.55,289.2,26.81
2012-06-07,70.58,288.04,26.31
2012-06-08,71.64,289.14,27.1
2012-06-11,70.51,283.19,27.01
2012-06-12,71.13,281.49,27.4
2012-06-13,70.63,279.5,27.27
2012-06-14,70.55,278.48,28.29
2012-06-15,70.88,281.2,30.01
2012-06-18,72.31,284.36,31.41
2012-06-19,72.51,289.68,31.91
2012-06-20,72.31,287.68,31.6
2012-06-21,71.31,281.55,31.84
2012-06-22,71.86,284.67,33.05
2012-06-25,70.46,279.3,32.06
2012-06-26,70.62,281.29,33.1
2012-06-27,70.92,283.59,32.23
2012-06-28,70.25,281.1,31.36
2012-06-29,72.09,288.95,31.1
2012-07-02,73.15,289.15,30.77
2012-07-03,74.0,292.82,31.2
2012-07-05,75.3,296.85,31.47
2012-07-06,74.79,291.9,31.73
2012-07-09,75.78,291.91,32.17
2012-07-10,75.08,289.76,31.47
2012-07-11,74.62,284.53,30.97
2012-07-12,73.93,284.17,30.81
2012-07-13,74.68,287.18,30.72
2012-07-16,74.92,286.39,28.25
2012-07-17,74.93,287.29,28.09
2012-07-18,74.84,289.3,29.11
2012-07-19,75.84,295.42,29.0
2012-07-20,74.6,304.27,28.76
2012-07-23,74.54,306.61,28.75
2012-07-24,74.18,302.65,28.45
2012-07-25,70.98,302.86,29.34
2012-07-26,70.97,305.53,26.85
2012-07-27,72.24,316.29,23.71
2012-07-30,73.46,314.97,23.15
2012-07-31,75.4,315.3,21.71
2012-08-01,74.91,315.16,20.88
2012-08-02,75.03,313.2,20.04
2012-08-03,76.01,319.47,21.09
2012-08-06,76.85,320.21,21.92
2012-08-07,76.65,319.07,20.72
2012-08-08,76.52,319.92,20.72
2012-08-09,76.96,319.98,21.01
2012-08-10,77.08,319.8,21.81
2012-08-13,78.11,328.77,21.6
2012-08-14,78.32,333.08,20.38
2012-08-15,78.21,332.52,21.2
2012-08-16,78.89,335.18,19.87
2012-08-17,80.35,337.31,19.05
2012-08-20,82.46,336.51,20.01
2012-08-21,81.34,333.5,19.16
2012-08-22,82.93,337.33,19.44
2012-08-23,82.15,337.14,19.44
2012-08-24,82.23,338.05,19.41
2012-08-27,83.77,333.36,19.15
2012-08-28,83.66,337.36,19.34
2012-08-29,83.5,342.72,19.1
2012-08-30,82.31,339.57,19.09
2012-08-31,82.48,341.27,18.06
2012-09-04,83.68,339.25,17.73
2012-09-05,83.09,339.09,18.58
2012-09-06,83.84,348.39,18.96
2012-09-07,84.36,351.76,18.98
2012-09-10,82.17,349.08,18.81
2012-09-11,81.9,344.8,19.43
2012-09-12,83.04,344.15,20.93
2012-09-13,84.67,351.7,20.71
2012-09-14,85.7,353.51,22.0
2012-09-17,86.76,353.66,21.52
2012-09-18,87.02,357.8,21.87
2012-09-19,87.05,362.39,23.29
2012-09-20,86.62,362.7,22.59
2012-09-21,86.8,365.62,22.86
2012-09-24,85.64,373.29,20.79
2012-09-25,83.5,373.18,20.28
2012-09-26,82.47,375.32,20.62
2012-09-27,84.47,376.84,20.32
2012-09-28,82.71,375.84,21.66
2012-10-01,81.75,379.47,21.99
2012-10-02,81.99,377.08,22.27
2012-10-03,83.25,379.83,21.83
2012-10-04,82.67,382.59,21.95
2012-10-05,80.91,382.39,20.91
2012-10-08,79.12,377.51,20.4
2012-10-09,78.83,370.66,20.23
2012-10-10,79.46,370.89,19.64
2012-10-11,77.87,374.34,19.75
2012-10-12,78.07,370.98,19.52
2012-10-15,78.7,369.11,19.52
2012-10-16,80.56,370.96,19.48
2012-10-17,79.92,376.33,19.88
2012-10-18,78.43,346.2,18.98
2012-10-19,75.61,339.62,19.0
2012-10-22,78.61,338.07,19.32
2012-10-23,76.04,338.9,19.5
2012-10-24,76.47,337.39,23.23
2012-10-25,75.57,337.61,22.56
2012-10-26,74.88,336.31,21.94
2012-10-31,73.81,338.88,21.11
2012-11-01,73.96,342.51,21.21
2012-11-02,71.51,342.68,21.18
2012-11-05,72.48,340.2,21.25
2012-11-06,72.26,339.59,21.17
2012-11-07,69.5,332.31,20.47
2012-11-08,66.97,324.93,19.99
2012-11-09,68.13,330.28,19.21
2012-11-12,67.61,331.71,20.07
2012-11-13,67.62,328.29,19.86
2012-11-14,66.87,325.06,22.36
2012-11-15,65.46,322.42,22.17
2012-11-16,65.72,322.38,23.56
2012-11-19,70.46,332.86,22.92
2012-11-20,69.86,333.73,23.1
2012-11-21,69.96,331.69,24.32
2012-11-23,71.18,332.74,24.0
2012-11-26,73.42,329.34,25.94
2012-11-27,72.83,334.1,26.15
2012-11-28,72.6,340.56,26.36
2012-11-29,73.4,344.65,27.32
2012-11-30,72.89,347.88,28.0
2012-12-03,73.01,346.33,27.04
2012-12-04,71.72,344.22,27.46
2012-12-05,67.1,342.63,27.71
2012-12-06,68.16,344.27,26.97
2012-12-07,66.41,340.83,27.49
2012-12-10,65.99,341.43,27.84
2012-12-11,67.43,347.14,27.98
2012-12-12,67.13,347.48,27.58
2012-12-13,65.97,350.04,28.24
2012-12-14,63.49,349.67,26.81
2012-12-17,64.62,359.04,26.75
2012-12-18,66.49,359.19,27.71
2012-12-19,65.55,358.71,27.41
2012-12-20,64.98,359.83,27.36
2012-12-21,64.68,356.48,26.26
2012-12-24,64.78,353.43,26.93
2012-12-26,63.89,353.11,26.51
2012-12-27,64.15,351.83,26.05
2012-12-28,63.47,348.7,25.91
2012-12-31,66.28,352.37,26.62
2013-01-02,68.38,360.27,28.0
2013-01-03,67.52,360.48,27.77
2013-01-04,65.64,367.61,28.76
2013-01-07,65.25,366.0,29.42
2013-01-08,65.42,365.28,29.06
2013-01-09,64.4,367.68,30.59
2013-01-10,65.2,369.36,31.3
2013-01-11,64.8,368.61,31.72
2013-01-14,62.49,360.27,30.95
2013-01-15,60.52,361.11,30.1
2013-01-16,63.03,356.26,29.85
2013-01-17,62.61,354.33,30.14
2013-01-18,62.27,350.94,29.66
2013-01-22,62.87,350.12,30.73
2013-01-23,64.02,369.37,30.82
2013-01-24,56.11,375.7,31.08
2013-01-25,54.78,375.43,31.54
2013-01-28,56.02,373.96,32.47
2013-01-29,57.08,375.43,30.79
2013-01-30,56.9,375.51,31.24
2013-01-31,56.73,376.43,30.98
2013-02-01,56.5,386.35,29.73
2013-02-04,55.09,378.09,28.11
2013-02-05,57.02,381.44,28.64
2013-02-06,56.96,383.65,29.05
2013-02-07,58.65,385.53,28.65
2013-02-08,59.5,391.22,28.55
2013-02-11,60.12,389.75,28.26
2013-02-12,58.61,388.89,27.37
2013-02-13,58.5,389.97,27.91
2013-02-14,58.45,392.44,28.5
2013-02-15,57.64,394.96,28.32
2013-02-19,57.62,401.92,28.93
2013-02-20,56.23,394.75,28.46
2013-02-21,55.88,396.28,27.28
2013-02-22,56.47,398.36,27.13
2013-02-25,55.47,393.91,27.27
2013-02-26,56.24,393.59,27.39
2013-02-27,55.69,398.4,26.87
2013-02-28,55.29,399.1,27.25
2013-03-01,53.93,401.59,27.78
2013-03-04,52.62,409.22,27.72
2013-03-05,54.01,417.73,27.52
2013-03-06,53.32,414.14,27.45
2013-03-07,53.94,414.75,28.58
2013-03-08,54.08,414.21,27.96
2013-03-11,54.85,415.85,28.14
2013-03-12,53.67,412.26,27.83
2013-03-13,53.66,411.11,27.08
2013-03-14,54.18,409.24,27.04
2013-03-15,55.58,405.63,26.65
2013-03-18,57.09,402.39,26.49
2013-03-19,56.93,404.15,26.55
2013-03-20,56.63,405.83,25.86
2013-03-21,56.71,404.12,25.74
2013-03-22,57.86,403.64,25.73
2013-03-25,58.07,403.31,25.13
2013-03-26,57.77,404.69,25.21
2013-03-27,56.63,399.83,26.09
2013-03-28,55.45,395.61,25.58
2013-04-01,53.73,399.1,25.53
2013-04-02,53.84,405.0,25.42
2013-04-03,54.12,401.59,26.25
2013-04-04,53.58,396.05,27.07
2013-04-05,53.01,390.06,27.39
2013-04-08,53.39,385.98,26.85
2013-04-09,53.49,387.37,26.59
2013-04-10,54.58,393.61,27.57
2013-04-11,54.41,393.72,28.02
2013-04-12,53.84,393.55,27.4
2013-04-15,52.59,389.51,26.52
2013-04-16,53.4,395.2,26.92
2013-04-17,50.46,389.82,26.63
2013-04-18,49.11,381.52,25.69
2013-04-19,48.92,398.44,25.73
2013-04-22,49.94,398.56,25.97
2013-04-23,50.88,402.44,25.98
2013-04-24,50.79,405.21,26.11
2013-04-25,51.16,403.04,26.14
2013-04-26,52.26,399.21,26.85
2013-04-29,53.88,408.0,26.98
2013-04-30,55.47,410.75,27.77
2013-05-01,55.03,408.68,27.43
2013-05-02,55.81,413.26,28.97
2013-05-03,56.37,421.28,28.31
2013-05-06,57.71,429.17,27.57
2013-05-07,57.46,427.01,26.89
2013-05-08,58.11,435.18,27.12
2013-05-09,57.6,434.11,27.04
2013-05-10,57.12,438.47,26.68
2013-05-13,57.34,437.13,26.82
2013-05-14,55.97,441.89,27.07
2013-05-15,54.08,456.23,26.6
2013-05-16,54.8,450.25,26.13
2013-05-17,54.63,452.89,26.25
2013-05-20,55.85,452.57,25.76
2013-05-21,55.44,451.79,25.66
2013-05-22,55.65,443.05,25.16
2013-05-23,55.75,439.75,25.06
2013-05-24,56.13,435.03,24.31
2013-05-28,55.67,438.99,24.1
2013-05-29,56.11,432.53,23.32
2013-05-30,56.94,433.75,24.55
2013-05-31,56.71,433.98,24.35
2013-06-03,56.84,432.2,23.85
2013-06-04,56.66,427.95,23.52
2013-06-05,56.13,428.24,22.9
2013-06-06,55.29,430.71,22.97
2013-06-07,55.71,438.22,23.29
2013-06-10,55.34,443.45,24.33
2013-06-11,55.18,438.26,24.03
2013-06-12,54.5,434.36,23.77
2013-06-13,54.97,436.86,23.73
2013-06-14,54.23,435.89,23.63
2013-06-17,54.48,441.47,24.02
2013-06-18,54.45,448.63,24.21
2013-06-19,53.34,448.66,24.31
2013-06-20,52.56,440.72,23.9
2013-06-21,52.14,438.82,24.53
2013-06-24,50.76,433.27,23.94
2013-06-25,50.77,431.48,24.25
2013-06-26,50.2,435.19,24.16
2013-06-27,49.66,436.9,24.66
2013-06-28,50.0,438.54,24.88
2013-07-01,51.6,442.28,24.81
2013-07-02,52.77,439.51,24.41
2013-07-03,53.06,441.56,24.52
2013-07-05,52.64,445.08,24.37
2013-07-08,52.34,450.86,24.71
2013-07-09,53.26,450.93,25.48
2013-07-10,53.05,451.3,25.8
2013-07-11,53.88,458.4,25.81
2013-07-12,53.78,459.78,25.91
2013-07-15,53.9,460.62,26.28
2013-07-16,54.25,458.09,26.32
2013-07-17,54.26,457.56,26.65
2013-07-18,54.44,453.64,26.18
2013-07-19,53.59,446.63,25.88
2013-07-22,53.76,453.65,26.05
2013-07-23,52.83,450.21,26.13
2013-07-24,55.55,449.76,26.51
2013-07-25,55.29,442.19,34.36
2013-07-26,55.61,441.02,34.01
2013-07-29,56.47,439.49,35.43
2013-07-30,57.16,443.8,37.63
2013-07-31,57.06,442.22,36.8
2013-08-01,57.59,450.42,37.49
2013-08-02,58.33,451.59,38.05
2013-08-05,59.2,450.81,39.19
2013-08-06,58.67,446.61,38.55
2013-08-07,58.63,443.66,38.87
2013-08-08,58.52,444.66,38.54
2013-08-09,57.68,443.54,38.5
2013-08-12,59.32,441.1,38.22
2013-08-13,62.14,438.98,37.02
2013-08-14,63.28,433.28,36.65
2013-08-15,63.2,428.22,36.56
2013-08-16,63.76,426.86,37.08
2013-08-19,64.45,431.21,37.81
2013-08-20,63.6,431.09,38.41
2013-08-21,63.77,433.04,38.32
2013-08-22,63.84,435.22,38.55
2013-08-23,63.6,433.48,40.55
2013-08-26,63.84,431.58,41.34
2013-08-27,62.02,423.49,39.64
2013-08-28,62.31,422.69,40.55
2013-08-29,62.41,426.12,41.28
2013-08-30,61.84,421.87,41.29
2013-09-03,62.02,428.58,41.87
2013-09-04,63.3,434.19,41.78
2013-09-05,62.87,438.14,42.66
2013-09-06,63.24,438.15,43.95
2013-09-09,64.25,442.37,44.04
2013-09-10,62.79,442.68,43.6
2013-09-11,59.37,446.42,45.04
2013-09-12,60.0,444.86,44.75
2013-09-13,59.01,442.88,44.31
2013-09-16,57.13,442.22,42.51
2013-09-17,57.79,441.4,45.07
2013-09-18,58.98,449.97,45.23
2013-09-19,59.95,447.52,45.98
2013-09-20,59.33,449.87,47.49
2013-09-23,62.28,441.59,47.19
2013-09-24,62.08,441.76,48.45
2013-09-25,61.12,436.98,49.46
2013-09-26,61.72,437.45,50.39
2013-09-27,61.28,436.56,51.24
2013-09-30,60.51,436.32,50.23
2013-10-01,61.94,441.84,50.42
2013-10-02,62.14,442.34,50.28
2013-10-03,61.36,436.41,49.18
2013-10-04,61.31,434.55,51.04
2013-10-07,61.91,431.25,50.52
2013-10-08,61.05,425.24,47.14
2013-10-09,61.76,426.33,46.77
2013-10-10,62.15,432.5,49.05
2013-10-11,62.55,434.37,49.11
2013-10-14,62.96,436.42,49.51
2013-10-15,63.3,439.36,49.5
2013-10-16,63.61,447.34,51.14
2013-10-17,64.04,442.74,52.21
2013-10-18,64.59,503.82,54.22
2013-10-21,66.18,499.78,53.85
2013-10-22,65.99,501.62,52.68
2013-10-23,66.63,513.78,51.9
2013-10-24,67.52,510.86,52.45
2013-10-25,66.76,505.7,51.95
2013-10-28,67.26,505.6,50.23
2013-10-29,65.58,516.19,49.4
2013-10-30,66.63,513.29,49.01
2013-10-31,66.35,513.37,50.21
2013-11-01,66.01,511.6,49.75
2013-11-04,66.86,511.14,48.22
2013-11-05,66.7,508.85,50.11
2013-11-06,66.51,509.47,49.12
2013-11-07,65.43,502.09,47.56
2013-11-08,66.46,506.12,47.53
2013-11-11,66.27,503.41,46.2
2013-11-12,66.39,504.0,46.61
2013-11-13,66.47,514.31,48.71
2013-11-14,67.43,515.68,48.99
2013-11-15,67.03,514.85,49.01
2013-11-18,66.22,513.85,45.83
2013-11-19,66.33,510.69,46.36
2013-11-20,65.75,509.25,46.43
2013-11-21,66.54,515.1,46.7
2013-11-22,66.36,514.02,46.23
2013-11-25,66.87,521.01,44.82
2013-11-26,68.1,527.23,45.89
2013-11-27,69.7,529.57,46.49
2013-11-29,71.0,527.82,47.01
2013-12-02,70.38,525.27,47.06
2013-12-03,72.3,524.66,46.73
2013-12-04,72.14,527.11,48.62
2013-12-05,72.51,526.7,48.34
2013-12-06,71.5,532.94,47.94
2013-12-09,72.32,537.06,48.84
2013-12-10,72.21,540.3,50.25
2013-12-11,71.67,536.63,49.38
2013-12-12,71.57,532.98,51.83
2013-12-13,70.79,528.41,53.32
2013-12-16,71.18,534.49,53.81
2013-12-17,70.86,532.93,54.86
2013-12-18,70.32,540.35,55.57
2013-12-19,69.51,541.08,55.05
2013-12-20,70.1,548.26,55.12
2013-12-23,72.79,555.47,57.77
2013-12-24,72.48,553.84,57.96
2013-12-26,72.0,556.64,57.73
2013-12-27,71.51,557.11,55.44
2013-12-30,70.8,552.66,53.71
2013-12-31,71.63,558.26,54.65
2014-01-02,70.62,554.48,54.71
2014-01-03,69.07,550.44,54.56
2014-01-06,69.45,556.57,57.2
2014-01-07,68.95,567.3,57.92
2014-01-08,69.39,568.48,58.23
2014-01-09,68.5,563.01,57.22
2014-01-10,68.04,562.98,57.94
2014-01-13,68.4,559.39,55.91
2014-01-14,69.76,572.55,57.74
2014-01-15,71.16,572.17,57.6
2014-01-16,70.76,575.95,57.19
2014-01-17,69.03,573.12,56.3
2014-01-21,70.1,579.68,58.51
2014-01-22,70.41,580.33,57.51
2014-01-23,71.01,577.88,56.63
2014-01-24,69.72,559.82,54.45
2014-01-27,70.28,548.56,53.55
2014-01-28,64.67,559.41,55.14
2014-01-29,63.93,551.39,53.53
2014-01-30,63.81,565.58,61.08
2014-01-31,63.91,588.28,62.57
2014-02-03,64.03,564.6,61.48
2014-02-04,64.96,566.95,62.75
2014-02-05,65.44,569.47,62.19
2014-02-06,65.83,577.81,62.16
2014-02-07,66.75,586.52,64.32
2014-02-10,67.94,584.27,63.55
2014-02-11,68.84,592.87,64.85
2014-02-12,68.83,591.13,64.45
2014-02-13,69.93,597.71,67.33
2014-02-14,69.87,599.15,67.09
2014-02-18,70.13,603.18,67.3
2014-02-19,69.02,598.93,68.06
2014-02-20,68.22,599.81,69.63
2014-02-21,67.46,599.65,68.59
2014-02-24,67.76,603.99,70.78
2014-02-25,67.05,607.72,69.85
2014-02-26,66.45,607.81,69.26
2014-02-27,67.77,607.33,68.94
2014-02-28,67.59,605.56,68.46
2014-03-03,67.78,599.1,67.41
2014-03-04,68.23,605.19,68.8
2014-03-05,68.38,606.86,71.57
2014-03-06,68.17,607.53,70.84
2014-03-07,68.13,605.13,69.8
2014-03-10,68.19,603.52,72.03
2014-03-11,68.85,597.75,70.1
2014-03-12,68.92,601.4,70.88
2014-03-13,68.16,592.31,68.83
2014-03-14,67.39,584.21,67.72
2014-03-17,67.65,593.82,68.74
2014-03-18,68.25,603.37,69.19
2014-03-19,68.23,597.39,68.24
2014-03-20,67.91,596.34,66.97
2014-03-21,68.44,589.31,67.24
2014-03-24,69.25,576.8,64.1
2014-03-25,70.0,577.2,64.89
2014-03-26,69.33,563.87,60.39
2014-03-27,69.03,556.93,60.97
2014-03-28,68.95,558.46,60.01
2014-03-31,68.94,555.45,60.24
2014-04-01,69.57,565.61,62.62
2014-04-02,69.68,565.45,62.72
2014-04-03,69.2,568.18,59.49
2014-04-04,68.31,541.65,56.75
2014-04-07,67.23,536.68,56.95
2014-04-08,67.23,553.38,58.19
2014-04-09,68.11,562.6,62.41
2014-04-10,67.23,539.47,59.16
2014-04-11,66.74,529.15,58.53
2014-04-14,67.0,531.06,58.89
2014-04-15,66.53,534.97,59.09
2014-04-16,66.66,555.02,59.72
2014-04-17,67.42,534.63,58.94
2014-04-21,68.22,527.17,61.24
2014-04-22,68.29,533.35,63.03
2014-04-23,67.4,525.5,61.36
2014-04-24,72.92,523.72,60.87
2014-04-25,73.46,514.77,57.71
2014-04-28,76.3,515.73,56.14
2014-04-29,76.08,526.26,58.15
2014-04-30,75.79,525.22,59.78
2014-05-01,75.97,529.9,61.15
2014-05-02,76.11,526.48,60.46
2014-05-05,77.19,526.36,61.22
2014-05-06,76.34,513.73,58.53
2014-05-07,76.08,508.56,57.39
2014-05-08,75.94,509.6,56.76
2014-05-09,75.63,517.31,57.24
2014-05-12,76.57,528.47,59.83
2014-05-13,76.69,531.63,59.83
2014-05-14,76.7,525.21,59.23
2014-05-15,76.05,518.56,57.92
2014-05-16,77.17,519.2,58.02
2014-05-19,78.09,527.41,59.21
2014-05-20,78.1,528.32,58.56
2014-05-21,78.31,537.46,60.49
2014-05-22,78.43,543.57,60.52
2014-05-23,79.32,551.19,61.35
2014-05-27,80.8,564.4,63.48
2014-05-28,80.59,560.14,63.51
2014-05-29,82.06,558.55,63.83
2014-05-30,81.76,558.36,63.3
2014-06-02,81.19,552.41,63.08
2014-06-03,82.34,543.45,62.87
2014-06-04,83.28,543.17,63.34
2014-06-05,83.61,552.38,63.19
2014-06-06,83.38,554.81,62.5
2014-06-09,84.71,560.58,62.88
2014-06-10,85.21,559.02,65.77
2014-06-11,84.86,557.31,65.78
2014-06-12,83.44,549.84,64.29
2014-06-13,82.52,550.25,64.5
2014-06-16,83.36,542.79,64.19
2014-06-17,83.25,541.52,64.4
2014-06-18,83.34,551.85,65.6
2014-06-19,83.05,553.38,64.34
2014-06-20,82.19,554.84,64.5
2014-06-23,82.12,563.4,65.37
2014-06-24,81.62,563.07,65.72
2014-06-25,81.69,577.07,67.44
2014-06-26,82.18,574.42,67.13
2014-06-27,83.16,575.66,67.6
2014-06-30,84.02,573.7,67.29
2014-07-01,84.55,581.07,68.06
2014-07-02,84.51,580.74,66.45
2014-07-03,85.01,583.13,66.29
2014-07-07,86.77,580.66,65.29
2014-07-08,86.2,569.53,62.76
2014-07-09,86.24,574.5,64.97
2014-07-10,85.92,569.54,64.87
2014-07-11,86.09,577.59,66.34
2014-07-14,87.2,583.27,67.9
2014-07-15,86.18,583.18,67.17
2014-07-16,85.69,581.06,67.66
2014-07-17,84.16,572.16,66.41
2014-07-18,85.37,593.45,68.42
2014-07-21,84.93,587.86,69.4
2014-07-22,85.63,593.11,69.27
2014-07-23,87.87,594.35,71.29
2014-07-24,87.72,591.73,74.98
2014-07-25,88.3,587.41,75.19
2014-07-28,89.52,588.98,74.92
2014-07-29,88.94,584.01,73.71
2014-07-30,88.74,585.81,74.68
2014-07-31,86.43,570.03,72.65
2014-08-01,86.91,564.52,72.36
2014-08-04,86.42,571.58,73.51
2014-08-05,86.0,563.52,72.69
2014-08-06,85.85,564.82,72.47
2014-08-07,85.84,561.82,73.17
2014-08-08,86.08,567.21,73.06
2014-08-11,87.21,566.33,73.44
2014-08-12,87.2,561.19,72.83
2014-08-13,88.35,573.21,73.77
2014-08-14,88.59,573.08,74.3
2014-08-15,89.02,571.91,73.63
2014-08-18,90.1,580.57,74.59
2014-08-19,91.34,585.25,75.29
2014-08-20,91.38,582.89,74.81
2014-08-21,91.39,581.77,74.57
2014-08-22,92.06,580.96,74.57
2014-08-25,92.26,578.61,75.02
2014-08-26,91.67,576.28,75.96
2014-08-27,92.79,569.44,74.63
2014-08-28,92.9,567.64,73.86
2014-08-29,93.13,570.03,74.82
2014-09-02,93.86,575.75,76.68
2014-09-03,89.9,576.36,75.83
2014-09-04,89.15,580.39,75.95
2014-09-05,89.92,584.48,77.26
2014-09-08,89.37,588.11,77.89
2014-09-09,89.03,579.42,76.67
2014-09-10,91.77,581.5,77.43
2014-09-11,92.16,579.76,77.92
2014-09-12,92.37,574.04,77.48
2014-09-15,92.34,571.53,74.58
2014-09-16,91.64,578.36,76.08
2014-09-17,92.29,583.17,76.43
2014-09-18,92.48,587.66,77.0
2014-09-19,91.73,594.45,77.91
2014-09-22,91.82,585.76,76.8
2014-09-23,93.26,579.54,78.29
2014-09-24,92.45,586.38,78.54
2014-09-25,88.92,573.49,77.22
2014-09-26,91.54,575.52,78.79
2014-09-29,90.96,574.78,79.0
2014-09-30,91.54,575.78,79.04
2014-10-01,90.11,566.71,76.55
2014-10-02,90.77,568.52,77.08
2014-10-03,90.51,573.7,77.44
2014-10-06,90.51,575.77,77.56
2014-10-07,89.72,562.2,76.29
2014-10-08,91.59,570.93,77.52
2014-10-09,91.78,559.34,75.91
2014-10-10,91.52,543.0,72.91
2014-10-13,90.69,531.75,72.99
2014-10-14,89.72,536.47,73.59
2014-10-15,88.62,528.58,73.21
2014-10-16,87.46,523.07,72.63
2014-10-17,88.74,509.77,75.95
2014-10-20,90.64,519.41,76.95
2014-10-21,93.1,525.1,78.69
2014-10-22,93.57,531.25,78.37
2014-10-23,95.25,542.49,80.04
2014-10-24,95.6,538.3,80.67
2014-10-27,95.5,539.29,80.28
2014-10-28,96.98,547.4,80.77
2014-10-29,97.53,547.83,75.86
2014-10-30,97.2,548.8,74.11
2014-10-31,98.13,557.55,74.99
2014-11-03,99.4,553.7,73.88
2014-11-04,98.67,552.59,75.76
2014-11-05,98.91,544.43,74.83
2014-11-06,99.19,540.56,75.26
2014-11-07,99.47,539.53,75.6
2014-11-10,99.31,545.99,75.0
2014-11-11,100.1,548.78,74.61
2014-11-12,101.52,545.81,74.72
2014-11-13,102.95,543.89,74.25
2014-11-14,104.19,542.91,74.88
2014-11-17,104.02,535.04,74.24
2014-11-18,105.37,533.57,74.34
2014-11-19,104.64,535.52,73.33
2014-11-20,106.14,533.37,73.6
2014-11-21,106.28,536.03,73.75
2014-11-24,108.25,537.79,74.01
2014-11-25,107.31,539.6,75.63
2014-11-26,108.59,538.89,77.62
2014-11-28,108.53,540.35,77.7
2014-12-01,105.0,532.34,75.1
2014-12-02,104.6,532.29,75.46
2014-12-03,105.79,529.87,74.88
2014-12-04,105.39,535.84,75.24
2014-12-05,104.94,523.82,76.36
2014-12-08,102.57,525.54,76.52
2014-12-09,104.14,531.91,76.84
2014-12-10,102.16,524.62,76.18
2014-12-11,101.86,526.89,77.73
2014-12-12,100.13,517.24,77.83
2014-12-15,98.76,512.39,76.99
2014-12-16,97.41,494.03,74.69
2014-12-17,99.84,503.51,76.11
2014-12-18,102.8,509.7,78.4
2014-12-19,102.0,514.94,79.88
2014-12-22,103.06,523.43,81.45
2014-12-23,102.7,529.14,80.61
2014-12-24,102.21,527.32,80.77
2014-12-26,104.02,532.57,80.78
2014-12-29,103.95,528.88,80.02
2014-12-30,102.68,528.97,79.22
2014-12-31,100.72,524.96,78.02
2015-01-02,99.77,523.37,78.45
2015-01-05,96.96,512.46,77.19
2015-01-06,96.96,500.59,76.15
2015-01-07,98.32,499.73,76.15
2015-01-08,102.1,501.3,78.18
2015-01-09,102.21,494.81,77.74
2015-01-12,99.69,491.2,76.72
2015-01-13,100.58,494.82,76.45
2015-01-14,100.19,499.5,76.28
2015-01-15,97.48,500.42,74.05
2015-01-16,96.72,506.69,75.18
2015-01-20,99.21,505.51,76.24
2015-01-21,99.97,516.62,76.74
2015-01-22,102.57,532.93,77.65
2015-01-23,103.1,538.47,77.83
2015-01-26,103.21,533.74,77.5
2015-01-27,99.59,517.21,75.78
2015-01-28,105.22,508.6,76.24
2015-01-29,108.5,509.26,78.0
2015-01-30,106.91,533.06,75.91
2015-02-02,108.25,527.03,74.99
2015-02-03,108.27,527.79,75.4
2015-02-04,109.1,521.33,75.63
2015-02-05,109.88,526.14,75.61
2015-02-06,108.95,529.55,74.47
2015-02-09,109.68,526.38,74.44
2015-02-10,111.79,535.47,75.19
2015-02-11,114.41,534.5,76.51
2015-02-12,115.85,541.44,76.23
2015-02-13,116.42,547.51,75.74
2015-02-17,117.11,541.35,75.6
2015-02-18,117.92,538.22,76.71
2015-02-19,117.68,541.38,79.42
2015-02-20,118.64,537.47,79.9
2015-02-23,121.84,530.45,78.84
2015-02-24,121.08,534.62,78.45
2015-02-25,117.99,542.38,79.56
2015-02-26,119.48,553.96,80.41
2015-02-27,117.69,556.87,78.97
2015-03-02,118.26,569.78,79.75
2015-03-03,118.51,572.07,79.6
2015-03-04,117.76,571.8,80.9
2015-03-05,115.81,573.75,81.21
2015-03-06,115.98,566.13,80.01
2015-03-09,116.48,567.29,79.44
2015-03-10,114.07,553.49,77.55
2015-03-11,111.99,549.67,77.57
2015-03-12,114.01,553.99,78.93
2015-03-13,113.22,545.82,78.05
2015-03-16,114.47,552.99,78.07
2015-03-17,116.38,549.33,79.36
2015-03-18,117.69,557.97,80.91
2015-03-19,116.81,556.46,82.75
2015-03-20,115.34,558.83,83.8
2015-03-23,116.54,557.28,84.43
2015-03-24,116.06,568.63,85.31
2015-03-25,113.03,557.26,82.92
2015-03-26,113.82,553.65,83.01
2015-03-27,112.91,546.84,83.3
2015-03-30,115.77,550.52,83.2
2015-03-31,113.99,546.5,82.22
2015-04-01,113.83,541.07,81.67
2015-04-02,114.81,534.06,81.56
2015-04-06,116.67,535.3,82.44
2015-04-07,115.44,535.55,82.32
2015-04-08,115.07,540.13,82.28
2015-04-09,115.94,539.3,82.17
2015-04-10,116.44,538.53,82.04
2015-04-13,116.21,537.69,83.01
2015-04-14,115.71,528.94,83.52
2015-04-15,116.15,531.07,82.71
2015-04-16,115.59,532.34,82.31
2015-04-17,114.29,522.62,80.78
2015-04-20,116.9,533.91,83.09
2015-04-21,116.27,532.51,83.62
2015-04-22,117.83,537.89,84.63
2015-04-23,118.79,545.5,82.41
2015-04-24,119.35,563.51,81.53
2015-04-27,121.52,555.37,81.91
2015-04-28,119.61,553.68,80.68
2015-04-29,117.85,549.08,80.47
2015-04-30,114.65,537.34,78.77
2015-05-01,118.13,537.9,78.99
2015-05-04,117.91,540.78,78.81
2015-05-05,115.25,530.8,77.56
2015-05-06,114.52,524.22,78.1
2015-05-07,115.23,530.7,78.43
2015-05-08,117.4,538.22,78.51
2015-05-11,116.21,535.7,78.01
2015-05-12,115.79,529.04,77.46
2015-05-13,115.92,529.62,78.44
2015-05-14,118.63,538.4,81.37
2015-05-15,118.46,533.85,80.42
2015-05-18,119.77,532.3,80.88
2015-05-19,119.66,537.36,80.63
2015-05-20,119.65,539.27,80.55
2015-05-21,120.87,542.51,80.48
2015-05-22,121.93,540.11,80.54
2015-05-26,119.24,532.32,79.33
2015-05-27,121.47,539.79,80.55
2015-05-28,121.23,539.78,80.15
2015-05-29,119.85,532.11,79.19
2015-06-01,120.09,533.99,80.29
2015-06-02,119.56,539.18,80.44
2015-06-03,119.7,540.31,82.44
2015-06-04,119.0,536.7,82.05
2015-06-05,118.35,533.33,82.14
2015-06-08,117.57,526.83,80.67
2015-06-09,117.22,526.69,80.67
2015-06-10,118.56,536.69,82.16
2015-06-11,118.3,534.61,81.83
2015-06-12,116.99,532.33,81.53
2015-06-15,116.76,527.2,80.71
2015-06-16,117.39,528.15,81.06
2015-06-17,117.11,529.26,81.79
2015-06-18,117.64,536.73,82.91
2015-06-19,116.47,536.69,82.51
2015-06-22,117.39,538.19,84.74
2015-06-23,116.86,540.48,87.88
2015-06-24,117.85,537.84,88.86
2015-06-25,117.29,535.23,87.98
2015-06-26,116.6,531.69,88.01
2015-06-29,114.56,521.52,85.8
2015-06-30,115.39,520.51,85.77
2015-07-01,116.47,521.84,86.91
2015-07-02,116.32,523.4,87.29
2015-07-06,115.91,522.86,87.55
2015-07-07,115.63,525.02,87.22
2015-07-08,112.76,516.83,85.65
2015-07-09,110.46,520.68,85.88
2015-07-10,113.41,530.13,87.95
2015-07-13,115.6,546.55,90.1
2015-07-14,115.55,561.1,89.68
2015-07-15,116.67,560.22,89.76
2015-07-16,118.22,579.85,90.85
2015-07-17,119.24,672.93,94.97
2015-07-20,121.5,663.02,97.91
2015-07-21,120.28,662.3,98.39
2015-07-22,115.2,662.1,97.04
2015-07-23,115.14,644.28,95.44
2015-07-24,114.53,623.56,96.95
2015-07-27,112.94,627.26,94.17
2015-07-28,113.5,628.0,95.29
2015-07-29,113.14,631.93,96.99
2015-07-30,112.57,632.59,95.21
2015-07-31,111.59,625.61,94.01
2015-08-03,108.96,631.21,94.14
2015-08-04,105.46,629.25,94.06
2015-08-05,106.16,643.78,96.44
2015-08-06,106.39,642.68,95.12
2015-08-07,106.75,635.3,94.3
2015-08-10,110.63,633.73,94.15
2015-08-11,104.88,660.78,93.62
2015-08-12,106.49,659.56,94.19
2015-08-13,106.41,656.45,93.43
2015-08-14,107.16,657.12,94.42
2015-08-17,108.27,660.87,93.93
2015-08-18,107.66,656.13,95.17
2015-08-19,106.28,660.9,95.31
2015-08-20,104.1,646.83,90.56
2015-08-21,97.73,612.48,86.06
2015-08-24,95.29,589.61,82.09
2015-08-25,95.87,582.06,83.0
2015-08-26,101.37,628.62,87.19
2015-08-27,104.35,637.61,89.73
2015-08-28,104.69,630.38,91.01
2015-08-31,104.2,618.25,89.43
2015-09-01,99.55,597.79,87.23
2015-09-02,103.81,614.34,89.89
2015-09-03,101.99,606.25,88.15
2015-09-04,100.98,600.7,88.26
2015-09-08,103.79,614.66,89.53
2015-09-09,101.79,612.72,90.44
2015-09-10,104.03,621.35,91.98
2015-09-11,105.54,625.77,92.05
2015-09-14,106.56,623.24,92.31
2015-09-15,107.46,635.14,92.9
2015-09-16,107.58,635.98,93.45
2015-09-17,105.28,642.9,94.34
2015-09-18,104.84,629.25,94.4
2015-09-21,106.47,635.44,95.55
2015-09-22,104.79,622.69,92.96
2015-09-23,105.64,622.36,93.97
2015-09-24,106.27,625.8,94.41
2015-09-25,106.01,611.97,92.77
2015-09-28,103.91,594.89,89.21
2015-09-29,100.78,594.97,86.67
2015-09-30,101.93,608.42,89.9
2015-10-01,101.26,611.29,90.95
2015-10-02,102.0,626.91,92.07
2015-10-05,102.37,641.47,94.01
2015-10-06,102.86,645.44,92.8
2015-10-07,102.37,642.36,92.4
2015-10-08,101.19,639.16,92.47
2015-10-09,103.61,643.61,93.24
2015-10-12,103.13,646.67,94.26
2015-10-13,103.31,652.3,94.12
2015-10-14,101.85,651.16,94.07
2015-10-15,103.37,661.74,95.96
2015-10-16,102.61,662.2,97.54
2015-10-19,103.25,666.1,98.47
2015-10-20,105.14,650.28,97.0
2015-10-21,105.13,642.61,97.11
2015-10-22,106.74,651.79,99.67
2015-10-23,110.04,702.0,102.19
2015-10-26,106.53,712.78,103.77
2015-10-27,105.86,708.49,103.7
2015-10-28,110.22,712.95,104.2
2015-10-29,111.38,716.92,104.88
2015-10-30,110.43,710.81,101.97
2015-11-02,111.98,721.11,103.31
2015-11-03,113.27,722.16,102.58
2015-11-04,112.74,728.11,103.94
2015-11-05,112.22,731.25,108.76
2015-11-06,112.35,733.76,107.1
2015-11-09,111.9,724.89,106.49
2015-11-10,108.37,728.32,107.91
2015-11-11,107.76,735.4,109.01
2015-11-12,107.4,731.23,108.02
2015-11-13,104.26,717.0,103.95
2015-11-16,105.97,728.96,104.04
2015-11-17,105.51,725.3,105.13
2015-11-18,108.85,740.0,107.77
2015-11-19,110.24,738.41,106.26
2015-11-20,110.72,756.6,107.32
2015-11-23,109.28,755.98,106.95
2015-11-24,110.33,748.28,105.74
2015-11-25,109.54,748.15,105.41
2015-11-27,109.34,750.26,105.45
2015-11-30,109.79,742.6,104.24
2015-12-01,108.9,767.04,107.12
2015-12-02,107.92,762.38,106.07
2015-12-03,106.91,752.54,104.38
2015-12-04,110.47,766.81,106.18
2015-12-07,109.77,763.25,105.61
2015-12-08,109.73,762.37,106.49
2015-12-09,107.3,751.61,104.6
2015-12-10,107.81,749.46,105.42
2015-12-11,105.04,738.87,102.12
2015-12-14,104.39,747.77,104.66
2015-12-15,102.54,743.4,104.55
2015-12-16,103.33,758.09,106.79
2015-12-17,101.14,749.43,106.22
2015-12-18,98.4,739.31,104.04
2015-12-21,99.61,747.77,104.77
2015-12-22,99.52,750.0,105.51
2015-12-23,100.8,750.31,104.63
2015-12-24,100.26,748.4,105.02
2015-12-28,99.14,762.51,105.93
2015-12-29,100.92,776.6,107.26
2015-12-30,99.6,771.0,106.22
2015-12-31,97.69,758.88,104.66
2016-01-04,97.77,741.84,102.22
2016-01-05,95.32,742.58,102.73
2016-01-06,93.46,743.62,102.97
2016-01-07,89.51,726.39,97.92
2016-01-08,89.99,714.47,97.33
2016-01-11,91.44,716.03,97.51
2016-01-12,92.77,726.07,99.37
2016-01-13,90.38,700.56,95.44
2016-01-14,92.36,714.72,98.37
2016-01-15,90.14,694.45,94.97
2016-01-19,89.71,701.79,95.26
2016-01-20,89.83,698.45,94.35
2016-01-21,89.37,706.59,94.16
2016-01-22,94.12,725.25,97.94
2016-01-25,92.29,711.67,97.01
2016-01-26,92.8,713.04,97.34
2016-01-27,86.7,699.99,94.45
2016-01-28,87.32,730.96,109.11
2016-01-29,90.34,742.95,112.21
2016-02-01,89.49,752.0,115.09
2016-02-02,87.68,764.65,114.61
2016-02-03,89.42,726.95,112.69
2016-02-04,90.14,708.01,110.49
2016-02-05,87.73,683.57,104.07
2016-02-08,88.65,682.74,99.75
2016-02-09,88.64,678.11,99.54
2016-02-10,87.96,684.12,101.0
2016-02-11,87.43,683.11,101.91
2016-02-12,87.7,682.4,102.01
2016-02-16,90.18,691.0,101.61
2016-02-17,91.56,708.4,105.2
2016-02-18,89.82,697.35,103.47
2016-02-19,89.62,700.91,104.57
2016-02-22,90.4,706.46,107.16
2016-02-23,88.36,695.85,105.46
2016-02-24,89.67,699.56,106.88
2016-02-25,90.29,705.75,108.07
2016-02-26,90.43,705.07,107.92
2016-02-29,90.22,697.77,106.92
2016-03-01,93.81,718.81,109.82
2016-03-02,94.01,718.85,109.95
2016-03-03,94.71,712.42,109.58
2016-03-04,96.12,710.89,108.39
2016-03-07,95.06,695.16,105.73
2016-03-08,94.27,693.97,105.93
2016-03-09,94.36,705.24,107.51
2016-03-10,94.4,712.82,107.32
2016-03-11,95.42,726.82,109.41
2016-03-14,95.66,730.49,109.89
2016-03-15,97.58,728.33,110.67
2016-03-16,98.88,736.09,112.18
2016-03-17,98.72,737.78,111.02
2016-03-18,98.83,737.6,111.45
2016-03-21,98.83,742.09,111.85
2016-03-22,99.58,740.75,112.25
2016-03-23,99.03,738.06,112.54
2016-03-24,98.6,735.3,113.05
2016-03-28,98.15,733.53,113.69
2016-03-29,100.48,744.77,116.14
2016-03-30,102.23,750.53,114.7
2016-03-31,101.7,744.95,114.1
2016-04-01,102.63,749.91,116.06
2016-04-04,103.69,745.29,112.55
2016-04-05,102.46,737.8,112.22
2016-04-06,103.54,745.69,113.71
2016-04-07,101.28,740.28,113.64
2016-04-08,101.39,739.15,110.63
2016-04-11,101.73,736.1,108.99
2016-04-12,103.05,743.09,110.61
2016-04-13,104.55,751.72,110.51
2016-04-14,104.6,753.2,110.84
2016-04-15,102.5,759.0,109.64
2016-04-18,100.29,766.61,110.45
2016-04-19,99.76,753.93,112.29
2016-04-20,99.96,752.67,112.42
2016-04-21,98.88,759.14,113.44
2016-04-22,98.61,718.77,110.56
2016-04-25,98.05,723.15,110.1
2016-04-26,97.37,708.14,108.76
2016-04-27,91.28,705.84,108.89
2016-04-28,88.49,691.02,116.73
2016-04-29,87.47,693.01,117.58
2016-05-02,87.38,698.21,118.57
2016-05-03,88.81,692.36,117.43
2016-05-04,87.89,695.7,118.06
2016-05-05,87.53,701.43,117.81
2016-05-06,87.04,711.12,119.49
2016-05-09,87.11,712.9,119.24
2016-05-10,87.7,723.18,120.5
2016-05-11,86.85,715.29,119.52
2016-05-12,84.81,713.31,120.28
2016-05-13,84.98,710.83,119.81
2016-05-16,88.13,716.49,118.67
2016-05-17,87.77,706.23,117.35
2016-05-18,88.77,706.63,117.65
2016-05-19,88.43,700.32,116.81
2016-05-20,89.39,709.74,117.35
2016-05-23,90.53,704.24,115.97
2016-05-24,91.91,720.09,117.7
2016-05-25,93.52,725.27,117.89
2016-05-26,94.26,724.12,119.47
2016-05-27,94.21,732.66,119.38
2016-05-31,93.75,735.72,118.81
2016-06-01,92.43,734.15,118.78
2016-06-02,91.74,730.4,118.93
2016-06-03,91.93,722.34,118.47
2016-06-06,92.59,716.55,118.79
2016-06-07,92.97,716.65,117.76
2016-06-08,92.88,728.28,118.39
2016-06-09,93.55,728.58,118.56
2016-06-10,92.78,719.41,116.62
2016-06-13,91.38,718.36,113.95
2016-06-14,91.49,718.27,114.94
2016-06-15,91.19,718.92,114.6
2016-06-16,91.58,710.36,114.39
2016-06-17,89.49,691.72,113.02
2016-06-20,89.28,693.71,113.37
2016-06-21,90.04,695.94,114.38
2016-06-22,89.7,697.46,113.91
2016-06-23,90.22,701.87,115.08
2016-06-24,87.68,675.22,112.08
2016-06-27,86.41,668.26,108.97
2016-06-28,87.86,680.04,112.7
2016-06-29,88.62,684.11,114.16
2016-06-30,89.75,692.1,114.28
2016-07-01,90.02,699.21,114.19
2016-07-05,89.18,694.95,114.2
2016-07-06,89.68,697.77,116.7
2016-07-07,90.07,695.36,115.85
2016-07-08,90.76,705.63,117.24
2016-07-11,91.04,715.09,117.87
2016-07-12,91.46,720.64,117.93
2016-07-13,90.94,716.98,116.78
2016-07-14,92.74,720.95,117.29
2016-07-15,92.73,719.85,116.86
2016-07-18,93.72,733.78,119.37
2016-07-19,93.76,736.96,120.61
2016-07-20,93.84,741.19,121.92
2016-07-21,93.34,738.63,120.61
2016-07-22,92.62,742.74,121.0
2016-07-25,91.38,739.77,121.63
2016-07-26,90.75,738.42,121.22
2016-07-27,96.65,741.77,123.34
2016-07-28,97.95,745.91,125.0
2016-07-29,97.83,768.79,123.94
2016-08-01,99.56,772.88,124.31
2016-08-02,98.08,771.07,123.09
2016-08-03,99.31,773.18,122.51
2016-08-04,99.93,771.61,124.36
2016-08-05,101.45,782.22,125.15
2016-08-08,102.29,781.76,125.26
2016-08-09,102.7,784.26,125.06
2016-08-10,101.94,784.68,124.88
2016-08-11,101.87,784.85,124.9
2016-08-12,102.11,783.22,124.88
2016-08-15,103.34,782.44,123.9
2016-08-16,103.24,777.14,123.3
2016-08-17,103.09,779.91,124.37
2016-08-18,102.96,777.5,123.91
2016-08-19,103.22,775.42,123.56
2016-08-22,102.42,772.15,124.15
2016-08-23,102.74,772.08,124.37
2016-08-24,101.97,769.64,123.48
2016-08-25,101.53,769.41,123.89
2016-08-26,100.94,769.54,124.96
2016-08-29,100.82,772.15,126.54
2016-08-30,100.05,769.09,125.84
2016-08-31,100.14,767.05,126.12
2016-09-01,100.74,768.78,126.17
2016-09-02,101.68,771.46,126.51
2016-09-06,101.66,780.08,129.73
2016-09-07,102.28,780.35,131.05
2016-09-08,99.6,775.32,130.27
2016-09-09,97.34,759.66,127.1
2016-09-12,99.52,769.02,128.69
2016-09-13,101.89,759.69,127.21
2016-09-14,105.5,762.49,127.77
2016-09-15,109.08,771.76,128.35
2016-09-16,108.47,768.88,129.07
2016-09-19,107.21,765.7,128.65
2016-09-20,107.2,771.41,128.64
2016-09-21,107.18,776.22,129.94
2016-09-22,108.19,787.21,130.08
2016-09-23,106.38,786.9,127.96
2016-09-26,106.54,774.21,127.31
2016-09-27,106.74,783.01,128.69
2016-09-28,107.55,781.56,129.23
2016-09-29,105.88,775.01,128.09
2016-09-30,106.7,777.29,128.27
2016-10-03,106.2,772.56,128.77
2016-10-04,106.66,776.43,128.19
2016-10-05,106.7,776.47,128.47
2016-10-06,107.5,776.86,128.74
2016-10-07,107.66,775.08,128.99
2016-10-10,109.54,785.94,130.24
2016-10-11,109.77,783.07,128.88
2016-10-12,110.75,786.14,129.05
2016-10-13,110.41,778.19,127.82
2016-10-14,111.03,778.53,127.88
2016-10-17,110.95,779.96,127.54
2016-10-18,110.88,795.26,128.57
2016-10-19,110.55,801.5,130.11
2016-10-20,110.49,796.97,130.0
2016-10-21,110.06,799.37,132.07
2016-10-24,111.05,813.11,133.28
2016-10-25,111.61,807.67,132.29
2016-10-26,109.1,799.07,131.04
2016-10-27,108.05,795.35,129.69
2016-10-28,107.34,795.37,131.29
2016-10-31,107.17,784.54,130.99
2016-11-01,105.23,783.61,129.5
2016-11-02,105.33,768.7,127.17
2016-11-03,104.2,762.13,120.0
2016-11-04,103.26,762.02,120.75
2016-11-07,104.75,782.52,122.15
2016-11-08,105.36,790.51,124.22
2016-11-09,105.19,785.31,123.18
2016-11-10,102.26,762.56,120.8
2016-11-11,102.87,754.02,119.02
2016-11-14,100.29,736.08,115.08
2016-11-15,101.62,758.49,117.2
2016-11-16,104.35,764.48,116.34
2016-11-17,104.31,771.23,117.79
2016-11-18,104.42,760.54,117.02
2016-11-21,106.0,769.2,121.77
2016-11-22,106.07,768.27,121.47
2016-11-23,105.53,760.99,120.84
2016-11-25,106.06,761.68,120.38
2016-11-28,105.85,768.24,120.41
2016-11-29,105.74,770.84,120.87
2016-11-30,104.85,758.04,118.42
2016-12-01,103.88,747.92,115.1
2016-12-02,104.26,750.5,115.4
2016-12-05,103.51,762.52,117.43
2016-12-06,104.31,759.11,117.31
2016-12-07,105.34,771.19,117.95
2016-12-08,106.37,776.42,118.91
2016-12-09,108.11,789.29,119.68
2016-12-12,107.49,789.27,117.77
2016-12-13,109.28,796.1,120.31
2016-12-14,109.28,797.07,120.21
2016-12-15,109.88,797.85,120.57
2016-12-16,110.02,790.8,119.87
2016-12-19,110.66,794.2,119.24
2016-12-20,110.95,796.42,119.09
2016-12-21,111.06,794.56,119.04
2016-12-22,110.33,791.26,117.4
2016-12-23,110.54,789.91,117.27
2016-12-27,111.25,791.55,118.01
2016-12-28,110.77,785.05,116.92
2016-12-29,110.74,782.79,116.35
2016-12-30,109.88,771.82,115.05
2017-01-03,110.19,786.14,116.86
2017-01-04,110.07,786.9,118.69
2017-01-05,110.63,794.02,120.67
2017-01-06,111.86,806.15,123.41
2017-01-09,112.89,806.65,124.9
2017-01-10,113.0,804.79,124.35
2017-01-11,113.61,807.91,126.09
2017-01-12,113.13,806.36,126.62
2017-01-13,112.94,807.88,128.34
2017-01-17,113.85,804.61,127.87
2017-01-18,113.84,806.07,127.92
2017-01-19,113.64,802.17,127.55
2017-01-20,113.85,805.02,127.04
2017-01-23,113.92,819.31,128.93
2017-01-24,113.82,823.87,129.37
2017-01-25,115.63,835.67,131.48
2017-01-26,115.69,832.15,132.78
2017-01-27,115.7,823.31,132.18
2017-01-30,115.39,802.32,130.98
2017-01-31,115.13,796.79,130.32
2017-02-01,122.15,795.7,133.23
2017-02-02,121.94,798.53,130.84
2017-02-03,122.46,801.49,130.98
2017-02-06,123.61,801.34,132.06
2017-02-07,124.78,806.97,131.84
2017-02-08,125.27,808.38,134.2
2017-02-09,126.17,809.56,134.14
2017-02-10,125.89,813.67,134.19
2017-02-13,127.0,819.24,134.05
2017-02-14,128.65,820.45,133.85
2017-02-15,129.12,818.98,133.44
2017-02-16,128.97,824.16,133.84
2017-02-17,129.32,828.07,133.53
2017-02-21,130.25,831.66,133.72
2017-02-22,130.64,830.76,136.12
2017-02-23,130.09,831.33,135.36
2017-02-24,130.21,828.64,135.44
2017-02-27,130.47,829.28,136.41
2017-02-28,130.53,823.21,135.54
2017-03-01,133.2,835.24,137.42
2017-03-02,132.41,830.63,136.76
2017-03-03,133.19,829.08,137.17
2017-03-06,132.77,827.78,137.42
2017-03-07,132.94,831.91,137.3
2017-03-08,132.44,835.37,137.72
2017-03-09,132.14,838.68,138.24
2017-03-10,132.58,843.25,138.79
2017-03-13,132.63,845.54,139.6
2017-03-14,132.43,845.62,139.32
2017-03-15,133.83,847.2,139.72
2017-03-16,134.05,848.78,139.99
2017-03-17,133.39,852.12,139.84
2017-03-20,134.79,848.4,139.94
2017-03-21,133.24,830.46,138.51
2017-03-22,134.75,829.59,139.59
2017-03-23,134.27,817.58,139.53
2017-03-24,134.01,814.43,140.34
2017-03-27,134.23,819.51,140.32
2017-03-28,137.02,820.92,141.76
2017-03-29,137.32,831.41,142.65
2017-03-30,137.14,831.5,142.41
2017-03-31,136.88,829.56,142.05
2017-04-03,136.92,838.55,142.28
2017-04-04,137.94,834.57,141.73
2017-04-05,137.23,831.41,141.85
2017-04-06,136.88,827.88,141.17
2017-04-07,136.58,824.67,140.78
2017-04-10,136.42,824.73,141.04
2017-04-11,134.95,823.35,139.92
2017-04-12,135.11,824.32,139.58
2017-04-13,134.4,823.56,139.39
2017-04-17,135.14,837.17,141.42
2017-04-18,134.54,836.82,140.96
2017-04-19,134.04,838.21,142.27
2017-04-20,135.72,841.65,143.8
2017-04-21,135.56,843.19,143.68
2017-04-24,136.86,862.76,145.47
2017-04-25,137.71,872.3,146.49
2017-04-26,136.9,871.73,146.56
2017-04-27,137.01,874.25,147.7
2017-04-28,136.87,905.96,150.25
2017-05-01,139.67,912.57,152.46
2017-05-02,140.55,916.44,152.78
2017-05-03,140.12,927.04,151.8
2017-05-04,139.62,931.66,150.85
2017-05-05,141.93,927.13,150.24
2017-05-08,145.79,934.3,151.06
2017-05-09,146.73,932.17,150.48
2017-05-10,146.03,928.78,150.29
2017-05-11,147.29,930.6,150.04
2017-05-12,149.35,932.22,150.33
2017-05-15,148.97,937.08,150.19
2017-05-16,148.75,943.0,149.78
2017-05-17,143.75,919.62,144.85
2017-05-18,145.94,930.24,147.66
2017-05-19,146.44,934.01,148.06
2017-05-22,147.33,941.86,148.24
2017-05-23,147.15,948.82,148.07
2017-05-24,146.71,954.96,150.04
2017-05-25,147.22,969.54,151.96
2017-05-26,146.97,971.47,152.13
2017-05-30,147.03,975.88,152.38
2017-05-31,146.16,964.86,151.46
2017-06-01,146.56,966.95,151.53
2017-06-02,148.73,975.6,153.61
2017-06-05,147.27,983.68,153.63
2017-06-06,147.77,976.57,152.81
2017-06-07,148.65,980.94,153.12
2017-06-08,148.29,983.41,154.71
2017-06-09,142.54,949.83,149.6
2017-06-12,139.13,942.9,148.44
2017-06-13,140.25,953.4,150.68
2017-06-14,138.88,950.76,150.25
2017-06-15,138.05,942.31,149.8
2017-06-16,136.12,939.78,150.64
2017-06-19,140.01,957.37,152.87
2017-06-20,138.74,950.63,152.25
2017-06-21,139.56,959.45,153.91
2017-06-22,139.33,957.09,153.4
2017-06-23,139.96,965.59,155.07
2017-06-26,139.52,952.27,153.59
2017-06-27,137.52,927.33,150.58
2017-06-28,139.52,940.49,153.24
2017-06-29,137.47,917.79,151.04
2017-06-30,137.79,908.73,150.98
2017-07-03,137.3,898.7,148.43
2017-07-05,137.86,911.71,150.34
2017-07-06,136.56,906.69,148.82
2017-07-07,137.95,918.59,151.44
2017-07-10,138.79,928.8,153.5
2017-07-11,139.24,930.09,155.27
2017-07-12,139.44,943.83,158.9
2017-07-13,141.38,947.16,159.26
2017-07-14,142.6,955.99,159.97
2017-07-17,143.09,953.42,159.73
2017-07-18,143.59,965.4,162.86
2017-07-19,144.49,970.89,164.14
2017-07-20,143.84,968.15,164.53
2017-07-21,143.77,972.92,164.43
2017-07-24,145.51,980.34,166.0
2017-07-25,146.14,950.7,165.28
2017-07-26,146.83,947.8,165.61
2017-07-27,144.05,934.09,170.44
2017-07-28,143.04,941.53,172.45
2017-07-31,142.3,930.5,169.25
2017-08-01,143.56,930.83,169.86
2017-08-02,150.35,930.39,169.3
2017-08-03,148.84,923.65,168.59
2017-08-04,149.63,927.96,169.62
2017-08-07,151.94,929.36,171.98
2017-08-08,153.16,926.79,171.23
2017-08-09,154.1,922.9,171.18
2017-08-10,149.19,907.24,167.4
2017-08-11,151.26,914.39,168.08
2017-08-14,153.54,922.67,170.75
2017-08-15,155.22,922.22,171.0
2017-08-16,154.6,926.96,170.0
2017-08-17,151.63,910.98,166.91
2017-08-18,151.28,910.67,167.41
2017-08-21,151.0,906.66,167.78
2017-08-22,153.47,924.69,169.64
2017-08-23,153.66,927.0,168.71
2017-08-24,152.98,921.28,167.74
2017-08-25,153.55,915.89,166.32
2017-08-28,155.1,913.81,167.24
2017-08-29,156.48,921.29,168.05
2017-08-30,156.9,929.57,169.92
2017-08-31,157.53,939.33,171.97
2017-09-01,157.57,937.34,172.02
2017-09-05,155.68,928.45,170.72
2017-09-06,155.52,927.81,172.09
2017-09-07,154.89,935.95,173.21
2017-09-08,152.37,926.5,170.95
2017-09-11,155.12,929.08,173.51
2017-09-12,154.51,932.07,172.96
2017-09-13,153.35,935.09,173.05
2017-09-14,152.03,925.11,170.96
2017-09-15,153.57,920.29,171.64
2017-09-18,152.41,915.0,170.01
2017-09-19,152.46,921.81,172.52
2017-09-20,149.91,931.58,172.17
2017-09-21,147.33,932.45,171.11
2017-09-22,145.89,928.53,170.54
2017-09-25,144.61,920.97,162.87
2017-09-26,147.09,924.86,164.21
2017-09-27,148.14,944.49,167.68
2017-09-28,147.23,949.5,168.73
2017-09-29,148.04,959.11,170.87
2017-10-02,147.74,953.27,169.47
2017-10-03,148.38,957.79,169.96
2017-10-04,147.42,951.68,168.42
2017-10-05,149.26,969.96,171.24
2017-10-06,149.17,978.89,172.23
2017-10-09,149.69,977.0,172.5
2017-10-10,149.75,972.6,171.59
2017-10-11,150.37,989.25,172.74
2017-10-12,149.84,987.83,172.55
2017-10-13,150.79,989.68,173.74
2017-10-16,153.57,992.0,174.52
2017-10-17,154.13,992.18,176.11
2017-10-18,153.45,992.81,176.03
2017-10-19,149.82,984.45,174.56
2017-10-20,150.08,988.2,174.98
2017-10-23,150.0,968.45,171.27
2017-10-24,150.9,970.54,171.8
2017-10-25,150.24,973.33,170.6
2017-10-26,151.2,972.56,170.63
2017-10-27,156.61,1019.27,177.88
2017-10-30,160.14,1017.11,179.87
2017-10-31,162.37,1016.64,180.06
2017-11-01,160.3,1025.5,182.66
2017-11-02,161.47,1025.58,178.92
2017-11-03,165.69,1032.48,178.92
2017-11-06,167.37,1025.9,180.17
2017-11-07,167.91,1033.33,180.25
2017-11-08,169.28,1039.85,179.56
2017-11-09,168.94,1031.26,179.3
2017-11-10,168.38,1028.07,178.46
2017-11-13,167.7,1025.75,178.77
2017-11-14,165.17,1026.0,178.07
2017-11-15,162.99,1020.91,177.95
2017-11-16,164.94,1032.5,179.59
2017-11-17,164.02,1019.09,179.0
2017-11-20,163.86,1018.38,178.74
2017-11-21,166.9,1034.49,181.86
2017-11-22,168.66,1035.96,180.87
2017-11-24,168.67,1040.61,182.78
2017-11-27,167.82,1054.21,183.03
2017-11-28,166.84,1047.41,182.42
2017-11-29,163.37,1021.66,175.13
2017-11-30,165.66,1021.41,177.18
2017-12-01,164.89,1010.17,175.1
2017-12-04,163.68,998.68,171.47
2017-12-05,163.53,1005.15,172.83
2017-12-06,162.92,1018.38,176.06
2017-12-07,163.22,1030.93,180.14
2017-12-08,163.27,1037.05,179.0
2017-12-11,166.45,1041.1,179.04
2017-12-12,165.51,1040.48,176.96
2017-12-13,166.06,1040.61,178.3
2017-12-14,166.02,1049.15,178.39
2017-12-15,167.7,1064.19,180.18
2017-12-18,170.06,1077.14,180.82
2017-12-19,168.25,1070.68,179.51
2017-12-20,168.07,1064.95,177.89
2017-12-21,168.71,1063.63,177.45
2017-12-22,168.71,1060.12,177.2
2017-12-26,164.43,1056.74,175.99
2017-12-27,164.45,1049.37,177.62
2017-12-28,164.92,1048.14,177.92
2017-12-29,163.13,1046.4,176.46
2018-01-02,166.05,1065.0,181.42
2018-01-03,166.03,1082.48,184.67
2018-01-04,166.8,1086.4,184.33
2018-01-05,168.7,1102.23,186.85
2018-01-08,168.07,1106.94,188.28
2018-01-09,168.05,1106.26,187.87
2018-01-10,168.01,1102.61,187.84
2018-01-11,168.97,1105.52,187.77
2018-01-12,170.71,1122.26,179.37
2018-01-16,169.84,1121.76,178.39
2018-01-17,172.65,1131.98,177.6
2018-01-18,172.8,1129.79,179.8
2018-01-19,172.03,1137.51,181.29
2018-01-22,170.62,1155.81,185.37
2018-01-23,170.66,1169.97,189.35
2018-01-24,167.94,1164.24,186.55
2018-01-25,164.95,1170.37,187.48
2018-01-26,165.33,1175.84,190.0
2018-01-29,161.91,1175.58,185.98
2018-01-30,160.95,1163.69,187.12
2018-01-31,161.4,1169.94,186.89
2018-02-01,161.74,1167.7,193.09
2018-02-02,154.72,1111.9,190.28
2018-02-05,150.85,1055.8,181.26
2018-02-06,157.16,1080.6,185.31
2018-02-07,153.79,1048.58,180.18
2018-02-08,149.56,1001.52,171.58
2018-02-09,151.39,1037.78,176.11
2018-02-12,157.49,1051.94,176.41
2018-02-13,159.07,1052.1,173.15
2018-02-14,162.0,1069.7,179.52
2018-02-15,167.44,1089.52,179.96
2018-02-16,166.9,1094.8,177.36
2018-02-20,166.33,1102.46,176.01
2018-02-21,165.58,1111.34,177.91
2018-02-22,166.96,1106.63,178.99
2018-02-23,169.87,1126.79,183.29
2018-02-26,173.23,1143.75,184.93
2018-02-27,172.66,1118.29,181.46
2018-02-28,172.4,1104.73,178.32
2018-03-01,169.38,1069.52,175.94
2018-03-02,170.55,1078.92,176.62
2018-03-05,171.15,1090.93,180.4
2018-03-06,171.0,1095.06,179.78
2018-03-07,169.41,1109.64,183.71
2018-03-08,171.26,1126.0,182.34
2018-03-09,174.2,1160.04,185.23
2018-03-12,175.89,1164.5,184.76
2018-03-13,174.19,1138.17,181.88
2018-03-14,172.71,1149.49,184.19
2018-03-15,172.92,1149.58,183.86
2018-03-16,172.31,1135.73,185.09
2018-03-19,169.67,1099.82,172.56
2018-03-20,169.62,1097.71,168.15
2018-03-21,165.77,1090.88,169.39
2018-03-22,163.43,1049.08,164.89
2018-03-23,159.65,1021.57,159.39
2018-03-26,167.22,1053.21,160.06
2018-03-27,162.94,1005.1,152.22
2018-03-28,161.14,1004.56,153.03
2018-03-29,162.4,1031.79,159.79
2018-04-02,161.33,1006.47,155.39
2018-04-03,162.99,1013.41,156.11
2018-04-04,166.1,1025.14,155.1
2018-04-05,167.25,1027.81,159.34
2018-04-06,162.98,1007.04,157.2
2018-04-09,164.59,1015.45,157.93
2018-04-10,167.69,1031.64,165.04
2018-04-11,166.91,1019.97,166.32
2018-04-12,168.55,1032.51,163.87
2018-04-13,169.12,1029.27,164.52
2018-04-16,170.18,1037.98,164.83
2018-04-17,172.52,1074.16,168.66
2018-04-18,172.13,1072.08,166.36
2018-04-19,167.25,1087.7,168.1
2018-04-20,160.4,1072.96,166.28
2018-04-23,159.94,1067.45,165.84
2018-04-24,157.71,1019.98,159.69
2018-04-25,158.4,1021.18,159.69
2018-04-26,158.95,1040.04,174.16
2018-04-27,157.11,1030.05,173.59
2018-04-30,159.96,1017.33,172.0
2018-05-01,163.67,1037.31,173.86
2018-05-02,170.9,1024.38,176.07
2018-05-03,171.21,1023.72,174.02
2018-05-04,177.93,1048.21,176.61
2018-05-07,179.22,1054.79,177.97
2018-05-08,180.08,1053.91,178.92
2018-05-09,181.35,1082.76,182.66
2018-05-10,183.94,1097.57,185.53
2018-05-11,183.24,1098.26,186.99
2018-05-14,182.81,1100.2,186.64
2018-05-15,181.15,1079.23,184.32
2018-05-16,182.84,1081.77,183.2
2018-05-17,181.69,1078.59,183.76
2018-05-18,181.03,1066.36,182.68
2018-05-21,182.31,1079.58,184.49
2018-05-22,181.85,1069.73,183.8
2018-05-23,183.02,1079.69,186.9
2018-05-24,182.81,1079.24,185.93
2018-05-25,183.23,1075.66,184.92
2018-05-29,182.57,1060.32,185.74
2018-05-30,182.18,1067.8,187.67
2018-05-31,181.57,1084.99,191.78
2018-06-01,184.84,1119.5,193.99
2018-06-04,186.39,1139.29,193.28
2018-06-05,187.83,1139.66,192.94
2018-06-06,188.48,1136.88,191.34
2018-06-07,187.97,1123.86,188.18
2018-06-08,186.26,1120.87,189.1
2018-06-11,185.81,1129.99,191.54
2018-06-12,186.83,1139.32,192.4
2018-06-13,185.29,1134.79,192.41
2018-06-14,185.39,1152.12,196.81
2018-06-15,183.48,1152.26,195.85
2018-06-18,183.39,1173.46,198.31
2018-06-19,180.42,1168.06,197.49
2018-06-20,181.21,1169.84,202.0
2018-06-21,180.2,1157.66,201.5
2018-06-22,179.68,1155.48,201.74
2018-06-25,177.0,1124.81,196.35
2018-06-26,179.2,1118.46,199.0
2018-06-27,178.94,1103.98,195.84
2018-06-28,180.24,1114.22,196.23
2018-06-29,179.86,1115.65,194.32
2018-07-02,181.87,1127.46,197.36
2018-07-03,178.7,1102.89,192.73
2018-07-05,180.14,1124.27,198.45
2018-07-06,182.64,1140.17,203.23
2018-07-09,185.17,1154.05,204.74
2018-07-10,184.95,1152.84,203.54
2018-07-11,182.55,1153.9,202.54
2018-07-12,185.61,1183.48,206.92
2018-07-13,185.9,1188.82,207.32
2018-07-16,185.5,1183.86,207.23
2018-07-17,186.02,1198.8,209.99
2018-07-18,185.0,1195.88,209.36
2018-07-19,186.44,1186.96,208.09
2018-07-20,186.01,1184.91,209.94
2018-07-23,186.18,1205.5,210.91
2018-07-24,187.53,1248.08,214.67
2018-07-25,189.29,1263.7,217.5
2018-07-26,188.7,1268.33,176.26
2018-07-27,185.56,1238.5,174.89
2018-07-30,184.52,1219.74,171.06
2018-07-31,184.89,1217.26,172.58
2018-08-01,195.78,1220.01,171.65
2018-08-02,201.51,1226.15,176.37
2018-08-03,202.09,1223.71,177.78
2018-08-06,203.14,1224.77,185.69
2018-08-07,201.24,1242.22,183.81
2018-08-08,201.37,1245.61,185.18
2018-08-09,202.96,1249.1,183.09
2018-08-10,202.35,1237.61,180.26
2018-08-13,203.66,1235.01,180.05
2018-08-14,204.52,1242.1,181.11
2018-08-15,204.99,1214.38,179.53
2018-08-16,208.0,1206.49,174.7
2018-08-17,212.15,1200.96,173.8
2018-08-20,210.08,1207.77,172.5
2018-08-21,209.67,1201.62,172.62
2018-08-22,209.68,1207.33,173.64
2018-08-23,210.11,1205.38,172.9
2018-08-24,210.77,1220.65,174.65
2018-08-27,212.5,1241.82,177.46
2018-08-28,214.22,1231.15,176.26
2018-08-29,217.42,1249.3,175.9
2018-08-30,219.41,1239.12,177.64
2018-08-31,221.95,1218.19,175.73
2018-09-04,222.66,1197.0,171.16
2018-09-05,221.21,1186.48,167.18
2018-09-06,217.53,1171.44,162.53
2018-09-07,215.78,1164.83,163.04
2018-09-10,212.88,1164.64,164.18
2018-09-11,218.26,1177.36,165.94
2018-09-12,215.55,1162.82,162.0
2018-09-13,220.76,1175.33,161.36
2018-09-14,218.25,1172.53,162.32
2018-09-17,212.44,1156.05,160.58
2018-09-18,212.79,1161.22,160.3
2018-09-19,212.92,1171.09,163.06
2018-09-20,214.54,1186.87,166.02
2018-09-21,212.23,1166.09,162.93
2018-09-24,215.28,1173.37,165.41
2018-09-25,216.65,1184.65,164.91
2018-09-26,214.92,1180.49,166.95
2018-09-27,219.34,1194.64,168.84
2018-09-28,220.11,1193.47,164.46
2018-10-01,221.59,1195.31,162.44
2018-10-02,223.56,1200.11,159.33
2018-10-03,226.28,1202.95,162.43
2018-10-04,222.3,1168.19,158.85
2018-10-05,218.69,1157.35,157.33
2018-10-08,218.19,1148.97,157.25
2018-10-09,221.21,1138.82,157.9
2018-10-10,210.96,1081.22,151.38
2018-10-11,209.1,1079.32,153.35
2018-10-12,216.57,1110.08,153.74
2018-10-15,211.94,1092.25,153.52
2018-10-16,216.61,1121.28,158.78
2018-10-17,215.67,1115.69,159.42
2018-10-18,210.63,1087.97,154.92
2018-10-19,213.84,1096.46,154.05
2018-10-22,215.14,1101.16,154.78
2018-10-23,217.17,1103.69,154.39
2018-10-24,209.72,1050.71,146.04
2018-10-25,214.31,1095.57,150.95
2018-10-26,210.9,1071.47,145.37
2018-10-29,206.94,1020.08,142.09
2018-10-30,207.98,1036.21,146.22
2018-10-31,213.4,1076.77,151.79
2018-11-01,216.67,1070.0,151.75
2018-11-02,202.3,1057.79,150.35
2018-11-05,196.56,1040.09,148.68
2018-11-06,198.68,1055.81,149.94
2018-11-07,204.71,1093.39,151.53
2018-11-08,204.0,1082.4,147.87
2018-11-09,200.06,1066.15,144.96
2018-11-12,189.99,1038.63,141.55
2018-11-13,188.09,1036.05,142.16
2018-11-14,182.77,1043.66,144.22
2018-11-15,187.28,1064.71,143.85
2018-11-16,189.36,1061.49,139.53
2018-11-19,181.85,1020.0,131.55
2018-11-20,173.17,1025.76,132.43
2018-11-21,172.97,1037.61,134.82
2018-11-23,168.58,1023.88,131.73
2018-11-26,170.86,1048.62,136.38
2018-11-27,170.48,1044.41,135.0
2018-11-28,177.04,1086.23,136.76
2018-11-29,175.68,1088.3,138.68
2018-11-30,174.73,1094.43,140.61
2018-12-03,180.84,1106.43,141.09
2018-12-04,172.88,1050.82,137.93
2018-12-06,170.95,1068.73,139.63
2018-12-07,164.86,1036.58,137.42
2018-12-10,165.94,1039.55,141.85
2018-12-11,165.0,1051.75,142.08
2018-12-12,165.46,1063.68,144.5
2018-12-13,167.27,1061.9,145.01
2018-12-14,161.91,1042.1,144.06
2018-12-17,160.41,1016.53,140.19
2018-12-18,162.49,1028.71,143.66
2018-12-19,157.42,1023.01,133.24
2018-12-20,153.45,1009.41,133.4
2018-12-21,147.48,979.54,124.95
2018-12-24,143.67,976.22,124.06
2018-12-26,153.78,1039.46,134.18
2018-12-27,152.78,1043.88,134.52
2018-12-28,152.86,1037.08,133.2
2018-12-31,154.34,1035.61,131.09
2019-01-02,154.52,1045.85,135.68
2019-01-03,139.13,1016.06,131.74
2019-01-04,145.06,1070.71,137.95
2019-01-07,144.74,1068.39,138.05
2019-01-08,147.5,1076.28,142.53
2019-01-09,150.01,1074.66,144.23
2019-01-10,150.49,1070.33,144.2
2019-01-11,149.01,1057.19,143.8
2019-01-14,146.77,1044.69,145.39
2019-01-15,149.77,1077.15,148.95
2019-01-16,151.6,1080.97,147.54
2019-01-17,152.5,1089.9,148.3
2019-01-18,153.44,1098.26,150.04
2019-01-22,150.0,1070.52,147.57
2019-01-23,150.6,1075.57,144.3
2019-01-24,149.41,1073.9,145.83
2019-01-25,154.36,1090.99,149.01
2019-01-28,152.93,1070.08,147.47
2019-01-29,151.35,1060.62,144.19
2019-01-30,161.69,1089.06,150.42
2019-01-31,162.85,1116.37,166.69
2019-02-01,162.93,1110.75,165.71
2019-02-04,167.56,1132.8,169.25
2019-02-05,170.43,1145.99,171.16
2019-02-06,170.48,1115.23,170.49
2019-02-07,167.26,1098.71,166.38
2019-02-08,167.45,1095.06,167.33
2019-02-11,166.49,1095.01,165.79
2019-02-12,167.92,1121.37,165.04
2019-02-13,167.23,1120.16,164.07
2019-02-14,167.84,1121.67,163.95
2019-02-15,167.46,1113.65,162.5
2019-02-19,167.96,1118.56,162.29
2019-02-20,169.04,1113.8,162.56
2019-02-21,168.09,1096.97,160.04
2019-02-22,169.97,1110.37,161.89
2019-02-25,171.21,1109.4,164.62
2019-02-26,171.3,1115.13,164.13
2019-02-27,171.83,1116.05,162.81
2019-02-28,170.14,1119.92,161.45
2019-03-01,171.93,1140.99,162.28
2019-03-04,172.8,1147.8,167.37
2019-03-05,172.48,1162.03,171.26
2019-03-06,171.49,1157.86,172.51
2019-03-07,169.51,1143.3,169.13
2019-03-08,169.91,1142.32,169.6
2019-03-11,175.79,1175.76,172.07
2019-03-12,177.77,1193.2,171.92
2019-03-13,178.56,1193.32,173.37
2019-03-14,180.54,1185.55,170.17
2019-03-15,182.89,1184.46,165.98
2019-03-18,184.76,1184.26,160.47
2019-03-19,183.29,1198.85,161.57
2019-03-20,184.89,1223.97,165.44
2019-03-21,191.7,1231.54,166.08
2019-03-22,187.73,1205.5,164.34
2019-03-25,185.46,1193.0,166.29
2019-03-26,183.55,1184.62,167.68
2019-03-27,185.2,1173.02,165.87
2019-03-28,185.44,1168.49,165.55
2019-03-29,186.65,1173.31,166.69
2019-04-01,187.92,1194.43,168.7
2019-04-02,190.65,1200.49,174.2
2019-04-03,191.96,1205.92,173.54
2019-04-04,192.29,1215.0,176.02
2019-04-05,193.58,1207.15,175.72
2019-04-08,196.63,1203.84,174.93
2019-04-09,196.04,1197.25,177.58
2019-04-10,197.14,1202.16,177.82
2019-04-11,195.5,1204.62,177.51
2019-04-12,195.42,1217.87,179.1
2019-04-15,195.77,1221.1,179.65
2019-04-16,195.79,1227.13,178.87
2019-04-17,199.6,1236.34,178.78
2019-04-18,200.32,1236.37,178.28
2019-04-22,200.98,1248.84,181.44
2019-04-23,203.88,1264.55,183.78
2019-04-24,203.56,1256.0,182.58
2019-04-25,201.72,1263.45,193.26
2019-04-26,200.75,1272.18,191.49
2019-04-29,201.06,1287.58,194.78
2019-04-30,197.19,1188.48,193.4
2019-05-01,206.87,1168.08,193.03
2019-05-02,205.52,1162.61,192.53
2019-05-03,208.07,1185.4,195.47
2019-05-06,204.86,1189.39,193.88
2019-05-07,199.34,1174.1,189.77
2019-05-08,199.38,1166.27,189.54
2019-05-09,197.24,1162.38,188.65
2019-05-10,194.5,1164.27,188.34
2019-05-13,183.2,1132.03,181.54
2019-05-14,186.1,1120.44,180.73
2019-05-15,188.33,1164.21,186.27
2019-05-16,187.5,1178.98,186.99
2019-05-17,186.43,1162.3,185.3
2019-05-20,180.61,1138.85,182.72
2019-05-21,184.07,1149.63,184.82
2019-05-22,180.3,1151.42,185.32
2019-05-23,177.22,1140.77,180.87
2019-05-24,176.54,1133.47,181.06
2019-05-28,175.81,1134.15,184.31
2019-05-29,174.97,1116.46,182.19
2019-05-30,175.88,1117.95,183.01
2019-05-31,172.69,1103.63,177.47
2019-06-03,170.95,1036.23,164.15
2019-06-04,177.2,1053.05,167.5
2019-06-05,180.06,1042.22,168.17
2019-06-06,182.71,1044.34,168.33
2019-06-07,187.57,1066.04,173.35
2019-06-10,189.97,1080.38,174.82
2019-06-11,192.17,1078.72,178.1
2019-06-12,191.55,1077.03,175.04
2019-06-13,191.51,1088.77,177.47
2019-06-14,190.12,1085.35,181.33
2019-06-17,191.26,1092.5,189.01
2019-06-18,195.76,1103.6,188.47
2019-06-19,195.18,1102.33,187.48
2019-06-20,196.75,1111.42,189.53
2019-06-21,196.08,1121.88,191.14
2019-06-24,195.88,1115.52,192.6
2019-06-25,192.92,1086.35,188.84
2019-06-26,197.09,1079.8,187.66
2019-06-27,197.03,1076.01,189.5
2019-06-28,195.23,1080.91,193.0
2019-07-01,198.81,1097.95,193.0
2019-07-02,199.98,1111.25,195.0
2019-07-03,201.64,1121.58,197.2
2019-07-05,201.46,1131.59,196.4
2019-07-08,197.31,1116.35,195.76
2019-07-09,198.51,1124.83,199.21
2019-07-10,200.47,1140.48,202.73
2019-07-11,199.01,1144.21,201.23
2019-07-12,200.54,1144.9,204.87
2019-07-15,202.42,1150.34,203.91
2019-07-16,201.72,1153.58,203.84
2019-07-17,200.59,1146.35,201.8
2019-07-18,202.87,1146.33,200.78
2019-07-19,199.84,1130.1,198.36
2019-07-22,204.41,1138.07,202.32
2019-07-23,206.01,1146.21,202.36
2019-07-24,205.84,1137.81,204.66
2019-07-25,204.21,1132.12,200.71
2019-07-26,204.92,1250.41,199.75
2019-07-29,206.83,1239.41,195.94
2019-07-30,205.95,1225.14,197.04
2019-07-31,210.15,1216.68,194.23
2019-08-01,205.6,1209.01,192.73
2019-08-02,201.25,1193.99,189.02
2019-08-05,190.72,1152.32,181.73
2019-08-06,194.33,1169.95,184.51
2019-08-07,196.34,1173.99,185.15
2019-08-08,200.67,1204.8,190.16
2019-08-09,199.02,1188.01,187.85
2019-08-12,198.51,1174.71,185.37
2019-08-13,206.92,1197.27,188.45
2019-08-14,200.76,1164.29,179.71
2019-08-15,199.76,1167.26,182.59
2019-08-16,204.47,1177.6,183.7
2019-08-19,208.28,1198.45,186.17
2019-08-20,208.29,1182.69,183.81
2019-08-21,210.55,1191.25,183.55
2019-08-22,210.37,1189.53,182.04
2019-08-23,200.65,1151.29,177.75
2019-08-26,204.46,1168.89,180.36
2019-08-27,202.15,1167.84,181.3
2019-08-28,203.51,1171.02,181.76
2019-08-29,206.96,1192.85,185.57
2019-08-30,206.69,1188.1,185.67
2019-09-03,203.68,1168.39,182.39
2019-09-04,207.13,1181.41,187.14
2019-09-05,211.18,1211.38,190.9
2019-09-06,211.16,1204.93,187.49
2019-09-09,212.07,1204.41,188.76
2019-09-10,214.57,1206.0,186.17
2019-09-11,221.39,1220.17,188.49
2019-09-12,220.9,1234.25,187.47
2019-09-13,216.6,1239.56,187.19
2019-09-16,217.74,1231.3,186.22
2019-09-17,218.53,1229.15,188.08
2019-09-18,220.58,1232.41,188.14
2019-09-19,218.79,1238.71,190.14
2019-09-20,215.59,1229.93,189.93
2019-09-23,216.57,1234.03,186.82
2019-09-24,215.54,1218.76,181.28
2019-09-25,218.86,1246.52,182.8
2019-09-26,217.73,1241.39,180.11
2019-09-27,216.67,1225.09,177.1
2019-09-30,221.77,1219.0,178.08
2019-10-01,222.38,1205.1,175.81
2019-10-02,216.81,1176.63,174.6
2019-10-03,218.65,1187.83,179.38
2019-10-04,224.78,1209.0,180.45
2019-10-07,224.83,1207.68,179.68
2019-10-08,222.2,1189.13,177.75
2019-10-09,224.8,1202.31,179.85
2019-10-10,227.83,1208.67,180.03
2019-10-11,233.89,1215.45,184.19
2019-10-14,233.55,1217.14,183.28
2019-10-15,233.01,1243.01,188.89
2019-10-16,232.07,1243.64,189.55
2019-10-17,232.97,1253.07,190.39
2019-10-18,234.09,1245.49,185.85
2019-10-21,238.15,1246.15,189.76
2019-10-22,237.6,1242.8,182.34
2019-10-23,240.79,1259.13,186.15
2019-10-24,241.19,1260.99,186.38
2019-10-25,244.16,1265.13,187.89
2019-10-28,246.6,1290.0,189.4
2019-10-29,240.9,1262.62,189.31
2019-10-30,240.87,1261.29,188.25
2019-10-31,246.32,1260.11,191.65
2019-11-01,253.31,1273.74,193.62
2019-11-04,254.97,1291.37,194.72
2019-11-05,254.6,1292.03,194.32
2019-11-06,254.71,1291.8,191.55
2019-11-07,257.65,1308.86,190.42
2019-11-08,258.36,1311.37,190.84
2019-11-11,260.4,1299.19,189.61
2019-11-12,260.17,1298.8,194.47
2019-11-13,262.66,1298.0,193.19
2019-11-14,260.84,1311.46,193.15
2019-11-15,263.94,1334.87,195.1
2019-11-18,265.27,1320.7,197.4
2019-11-19,264.47,1315.46,199.32
2019-11-20,261.39,1303.05,197.51
2019-11-21,260.21,1301.35,197.93
2019-11-22,259.99,1295.34,198.82
2019-11-25,264.54,1306.69,199.79
2019-11-26,262.48,1313.55,198.97
2019-11-27,266.0,1312.99,202.0
2019-11-29,265.42,1304.96,201.64
2019-12-02,262.35,1289.92,199.7
2019-12-03,257.67,1295.28,198.82
2019-12-04,259.95,1320.54,198.71
2019-12-05,263.76,1328.13,199.36
2019-12-06,268.86,1340.62,201.05
2019-12-09,265.09,1343.56,201.34
2019-12-10,266.64,1344.66,200.87
2019-12-11,268.91,1345.02,202.26
2019-12-12,269.6,1350.27,196.75
2019-12-13,273.26,1347.83,194.11
2019-12-16,277.94,1361.17,197.92
2019-12-17,278.49,1355.12,198.39
2019-12-18,277.82,1352.62,202.5
2019-12-19,278.1,1356.04,206.06
2019-12-20,277.53,1349.59,206.3
2019-12-23,282.05,1348.84,206.18
2019-12-24,282.32,1343.56,205.12
2019-12-26,287.92,1360.4,207.79
2019-12-27,287.81,1351.89,208.1
2019-12-30,289.52,1336.14,204.41
2019-12-31,291.64,1337.02,205.25
2020-01-02,298.29,1367.37,209.78
2020-01-03,295.39,1360.66,208.67
2020-01-06,297.75,1394.21,212.6
2020-01-07,296.35,1393.34,213.06
2020-01-08,301.11,1404.32,215.22
2020-01-09,307.51,1419.83,218.3
2020-01-10,308.2,1429.73,218.06
2020-01-13,314.79,1439.23,221.91
2020-01-14,310.54,1430.88,219.06
2020-01-15,309.21,1439.2,221.15
2020-01-16,313.08,1451.7,221.77
2020-01-17,316.55,1480.39,222.14
2020-01-21,314.4,1484.4,221.44
2020-01-22,315.52,1485.95,221.32
2020-01-23,317.04,1486.65,219.76
2020-01-24,316.13,1466.71,217.94
2020-01-27,306.83,1433.9,214.87
2020-01-28,315.51,1452.56,217.79
2020-01-29,322.12,1458.63,223.23
2020-01-30,321.65,1455.84,209.53
2020-01-31,307.39,1434.23,201.91
2020-02-03,306.55,1485.94,204.19
2020-02-04,316.67,1447.07,209.83
2020-02-05,319.25,1448.23,210.11
2020-02-06,322.98,1476.23,210.85
2020-02-07,318.59,1479.23,212.33
2020-02-10,320.1,1508.68,213.06
2020-02-11,318.17,1508.79,207.19
2020-02-12,325.73,1518.27,210.76
2020-02-13,323.41,1514.66,213.14
2020-02-14,323.49,1520.74,214.18
2020-02-18,317.57,1519.67,217.8
2020-02-19,322.17,1526.69,217.49
2020-02-20,318.86,1518.15,214.58
2020-02-21,311.64,1485.11,210.18
2020-02-24,296.84,1421.59,200.72
2020-02-25,286.79,1388.45,196.77
2020-02-26,291.33,1393.18,197.2
2020-02-27,272.29,1318.09,189.75
2020-02-28,272.13,1339.33,192.47
2020-03-02,297.47,1389.11,196.44
2020-03-03,288.02,1341.39,185.89
2020-03-04,301.38,1386.52,191.76
2020-03-05,291.6,1319.04,185.17
2020-03-06,287.73,1298.41,181.09
2020-03-09,264.97,1215.56,169.5
2020-03-10,284.06,1280.39,178.19
2020-03-11,274.19,1215.41,170.24
2020-03-12,247.11,1114.91,154.47
2020-03-13,276.72,1219.73,170.28
2020-03-16,241.12,1084.33,146.01
2020-03-17,251.72,1119.8,149.42
2020-03-18,245.56,1096.8,146.96
2020-03-19,243.68,1115.29,153.13
2020-03-20,228.21,1072.32,149.73
2020-03-23,223.36,1056.62,148.1
2020-03-24,245.77,1134.46,160.98
2020-03-25,244.42,1102.49,156.21
2020-03-26,257.28,1161.75,163.34
2020-03-27,246.63,1110.71,156.79
2020-03-30,253.66,1146.82,165.95
2020-03-31,253.15,1162.81,166.8
2020-04-01,239.83,1105.62,159.6
2020-04-02,243.83,1120.84,158.19
2020-04-03,240.32,1097.88,154.18
2020-04-06,261.29,1186.92,165.55
2020-04-07,258.26,1186.51,168.83
2020-04-08,264.87,1210.28,174.28
2020-04-09,266.79,1211.45,175.19
2020-04-13,272.02,1217.56,174.79
2020-04-14,285.76,1269.23,178.17
2020-04-15,283.15,1262.47,176.97
2020-04-16,285.4,1263.47,176.25
2020-04-17,281.53,1283.25,179.24
2020-04-20,275.69,1266.61,178.24
2020-04-21,267.16,1216.34,170.8
2020-04-22,274.86,1263.21,182.28
2020-04-23,273.79,1276.31,185.13
2020-04-24,281.7,1279.31,190.07
2020-04-27,281.9,1275.88,187.5
2020-04-28,277.33,1233.67,182.91
2020-04-29,286.44,1341.48,194.19
2020-04-30,292.48,1348.66,204.71
2020-05-01,287.77,1320.61,202.27
2020-05-04,291.84,1326.8,205.26
2020-05-05,296.22,1351.11,207.07
2020-05-06,299.28,1347.3,208.47
2020-05-07,302.37,1372.56,211.26
2020-05-08,309.57,1388.37,212.35
2020-05-11,314.44,1403.26,213.18
2020-05-12,310.85,1375.74,210.1
2020-05-13,307.1,1349.33,205.1
2020-05-14,308.98,1356.13,206.81
2020-05-15,307.16,1373.19,210.88
2020-05-18,314.39,1383.94,213.19
2020-05-19,312.58,1373.48,216.88
2020-05-20,318.66,1406.72,229.97
2020-05-21,316.28,1402.8,231.39
2020-05-22,318.32,1410.42,234.91
2020-05-26,316.16,1417.02,232.2
2020-05-27,317.54,1417.84,229.14
2020-05-28,317.68,1416.73,225.46
2020-05-29,317.37,1428.92,225.09
2020-06-01,321.27,1431.82,231.91
2020-06-02,322.76,1439.22,232.72
2020-06-03,324.53,1436.38,230.16
2020-06-04,321.74,1412.18,226.29
2020-06-05,330.9,1438.39,230.77
2020-06-08,332.86,1446.61,231.4
2020-06-09,343.37,1456.16,238.67
2020-06-10,352.2,1465.85,236.73
2020-06-11,335.3,1403.84,224.43
2020-06-12,338.19,1413.18,228.58
2020-06-15,342.37,1419.85,232.5
2020-06-16,351.45,1442.72,235.65
2020-06-17,350.96,1451.12,235.53
2020-06-18,351.1,1435.96,235.94
2020-06-19,349.09,1431.72,238.79
2020-06-22,358.22,1451.86,239.22
2020-06-23,365.87,1464.41,242.24
2020-06-24,359.41,1431.97,234.02
2020-06-25,364.18,1441.33,235.68
2020-06-26,352.99,1359.9,216.08
2020-06-29,361.13,1394.97,220.64
2020-06-30,364.14,1413.61,227.07
2020-07-01,363.45,1438.04,237.55
2020-07-02,363.45,1464.7,233.42
2020-07-06,373.18,1495.7,240.28
2020-07-07,372.02,1485.18,240.86
2020-07-08,380.68,1496.0,243.58
2020-07-09,382.32,1510.99,244.5
2020-07-10,382.99,1541.74,245.07
2020-07-13,381.22,1511.34,239.0
2020-07-14,387.53,1520.58,239.73
2020-07-15,390.2,1513.64,240.28
2020-07-16,385.4,1518.0,240.93
2020-07-17,384.62,1515.55,242.03
2020-07-20,392.72,1565.72,245.42
2020-07-21,387.3,1558.42,241.75
2020-07-22,388.39,1568.49,239.87
2020-07-23,370.71,1515.68,232.6
2020-07-24,369.79,1511.87,230.71
2020-07-27,378.56,1530.2,233.5
2020-07-28,372.34,1500.34,230.12
2020-07-29,379.48,1522.02,233.29
2020-07-30,384.07,1531.45,234.5
2020-07-31,424.28,1482.96,253.67
2020-08-03,434.97,1474.45,251.96
2020-08-04,437.87,1464.97,249.83
2020-08-05,439.46,1473.61,249.12
2020-08-06,454.79,1500.1,265.28
2020-08-07,444.45,1494.49,268.44
2020-08-10,450.91,1496.1,263.0
2020-08-11,437.5,1480.32,256.13
2020-08-12,452.04,1506.62,259.89
2020-08-13,460.04,1518.45,261.3
2020-08-14,459.63,1507.73,261.24
2020-08-17,458.43,1517.98,261.16
2020-08-18,462.25,1558.6,262.34
2020-08-19,462.83,1547.53,262.59
2020-08-20,473.1,1581.75,269.01
2020-08-21,497.48,1580.42,267.01
